text,Word,Sentence #,indexloc
"1 , 500 名 の クリエイター・カメラマン を 持つ vivito 社 と 資本 業務 提携 「 カチコ 」 動画 供給 事業 の 成長 加速 ・ リアル ペイ 経済 圏 拡大 へ",1,1,0
,",",1,1
,500,1,2
,名,1,3
,の,1,4
,クリエイター・カメラマン,1,5
,を,1,6
,持つ,1,7
,vivito,1,8
,社,1,9
,と,1,10
,資本,1,11
,業務,1,12
,提携,1,13
,「,1,14
,カチコ,1,15
,」,1,16
,動画,1,17
,供給,1,18
,事業,1,19
,の,1,20
,成長,1,21
,加速,1,22
,・,1,23
,リアル,1,24
,ペイ,1,25
,経済,1,26
,圏,1,27
,拡大,1,28
,へ,1,29
イタンジ 、 ダンゴ ネット と 業務 提携,イタンジ,2,0
,、,2,1
,ダンゴ,2,2
,ネット,2,3
,と,2,4
,業務,2,5
,提携,2,6
NEWS 2019 . 02 . 26 ビッグ データ 収集 ・ 分析 の 株式会社 キーウォーカー と 資本 業務 提携,NEWS,3,0
,2019,3,1
,.,3,2
,02,3,3
,.,3,4
,26,3,5
,ビッグ,3,6
,データ,3,7
,収集,3,8
,・,3,9
,分析,3,10
,の,3,11
,株式会社,3,12
,キーウォーカー,3,13
,と,3,14
,資本,3,15
,業務,3,16
,提携,3,17
株式会社 リサーチアンドソリューション ESRI ジャパン 株式会社 と 業務 提携 GIS 利 活用 を 目的 と し た ビジネス パートナー 契約 を 締結 し まし た,株式会社,4,0
,リサーチアンドソリューション,4,1
,ESRI,4,2
,ジャパン,4,3
,株式会社,4,4
,と,4,5
,業務,4,6
,提携,4,7
,GIS,4,8
,利,4,9
,活用,4,10
,を,4,11
,目的,4,12
,と,4,13
,し,4,14
,た,4,15
,ビジネス,4,16
,パートナー,4,17
,契約,4,18
,を,4,19
,締結,4,20
,し,4,21
,まし,4,22
,た,4,23
第三者 割当 による 新 株式 及び 新株 予約 権 の 発行 、 業務 ・ 資本 提携 契約 の 締結 並びに 主要 株主 、 主要 株主 で ある 筆頭 株主 及び その他 の 関係 会社 の 異動 に関する お知らせ （ 994 KB ）,第三者,5,0
,割当,5,1
,による,5,2
,新,5,3
,株式,5,4
,及び,5,5
,新株,5,6
,予約,5,7
,権,5,8
,の,5,9
,発行,5,10
,、,5,11
,業務,5,12
,・,5,13
,資本,5,14
,提携,5,15
,契約,5,16
,の,5,17
,締結,5,18
,並びに,5,19
,主要,5,20
,株主,5,21
,、,5,22
,主要,5,23
,株主,5,24
,で,5,25
,ある,5,26
,筆頭,5,27
,株主,5,28
,及び,5,29
,その他,5,30
,の,5,31
,関係,5,32
,会社,5,33
,の,5,34
,異動,5,35
,に関する,5,36
,お知らせ,5,37
,（,5,38
,994,5,39
,KB,5,40
,）,5,41
業務 提携 に関する 基本 合意 の お知らせ （ 111 KB ）,業務,6,0
,提携,6,1
,に関する,6,2
,基本,6,3
,合意,6,4
,の,6,5
,お知らせ,6,6
,（,6,7
,111,6,8
,KB,6,9
,）,6,10
国内 全域 の 自動 運転 サービス 実証 向け インシュアテックソリューション 「 Level IV Discovery 」 の 共同 開発 に 向け た 業務 提携 の お知らせ,国内,7,0
,全域,7,1
,の,7,2
,自動,7,3
,運転,7,4
,サービス,7,5
,実証,7,6
,向け,7,7
,インシュアテックソリューション,7,8
,「,7,9
,Level,7,10
,IV,7,11
,Discovery,7,12
,」,7,13
,の,7,14
,共同,7,15
,開発,7,16
,に,7,17
,向け,7,18
,た,7,19
,業務,7,20
,提携,7,21
,の,7,22
,お知らせ,7,23
中国 ハイアールグループ と ヘルスケア 領域 における 業務 提携 に 向け た 本格 協議 実施 の 合意 書 を 締結 [ PDF : 138 KB ],中国,8,0
,ハイアールグループ,8,1
,と,8,2
,ヘルスケア,8,3
,領域,8,4
,における,8,5
,業務,8,6
,提携,8,7
,に,8,8
,向け,8,9
,た,8,10
,本格,8,11
,協議,8,12
,実施,8,13
,の,8,14
,合意,8,15
,書,8,16
,を,8,17
,締結,8,18
,[,8,19
,PDF,8,20
,:,8,21
,138,8,22
,KB,8,23
,],8,24
[ プレス リリース ] 株式会社 カワニシ と の 販売 業務 提携 の お知らせ,[,9,0
,プレス,9,1
,リリース,9,2
,],9,3
,株式会社,9,4
,カワニシ,9,5
,と,9,6
,の,9,7
,販売,9,8
,業務,9,9
,提携,9,10
,の,9,11
,お知らせ,9,12
意見 表明 報告 書 の 訂正 報告 書 の 提出 及び 「 株式会社 エヌ・ティ・ティ ・ データ による 当社 株券 に対する 公開 買付け に関する 意見 表明 及び 同社 と の 資本 業務 提携 契約 締結 に関する お知らせ 」 の 訂正 について （ 102 KB ）,意見,10,0
,表明,10,1
,報告,10,2
,書,10,3
,の,10,4
,訂正,10,5
,報告,10,6
,書,10,7
,の,10,8
,提出,10,9
,及び,10,10
,「,10,11
,株式会社,10,12
,エヌ・ティ・ティ,10,13
,・,10,14
,データ,10,15
,による,10,16
,当社,10,17
,株券,10,18
,に対する,10,19
,公開,10,20
,買付け,10,21
,に関する,10,22
,意見,10,23
,表明,10,24
,及び,10,25
,同社,10,26
,と,10,27
,の,10,28
,資本,10,29
,業務,10,30
,提携,10,31
,契約,10,32
,締結,10,33
,に関する,10,34
,お知らせ,10,35
,」,10,36
,の,10,37
,訂正,10,38
,について,10,39
,（,10,40
,102,10,41
,KB,10,42
,）,10,43
株式会社 あど ばる と の 資本 業務 提携 に関する お知らせ,株式会社,11,0
,あど,11,1
,ばる,11,2
,と,11,3
,の,11,4
,資本,11,5
,業務,11,6
,提携,11,7
,に関する,11,8
,お知らせ,11,9
Japan Centre Group 、 阪神 酒販 グループ 及び 当社 グループ ３ 社 間 で の 欧州 地域 における 戦略 的 業務 提携 に関する お知らせ,Japan,12,0
,Centre,12,1
,Group,12,2
,、,12,3
,阪神,12,4
,酒販,12,5
,グループ,12,6
,及び,12,7
,当社,12,8
,グループ,12,9
,３,12,10
,社,12,11
,間,12,12
,で,12,13
,の,12,14
,欧州,12,15
,地域,12,16
,における,12,17
,戦略,12,18
,的,12,19
,業務,12,20
,提携,12,21
,に関する,12,22
,お知らせ,12,23
( 訂正 ） 「 連結 子会社 の 異動 ( 株式 譲渡 ) に関する 基本 合意 書 締結 に関する お知らせ 」 の 一部 訂正 について ( PDF 約 103 KB ),(,13,0
,訂正,13,1
,）,13,2
,「,13,3
,連結,13,4
,子会社,13,5
,の,13,6
,異動,13,7
,(,13,8
,株式,13,9
,譲渡,13,10
,),13,11
,に関する,13,12
,基本,13,13
,合意,13,14
,書,13,15
,締結,13,16
,に関する,13,17
,お知らせ,13,18
,」,13,19
,の,13,20
,一部,13,21
,訂正,13,22
,について,13,23
,(,13,24
,PDF,13,25
,約,13,26
,103,13,27
,KB,13,28
,),13,29
株式会社 フィット と の 資本 ・ 業務 提携 契約 の 締結 に関する お知らせ （ PDF : 100 KB ）,株式会社,14,0
,フィット,14,1
,と,14,2
,の,14,3
,資本,14,4
,・,14,5
,業務,14,6
,提携,14,7
,契約,14,8
,の,14,9
,締結,14,10
,に関する,14,11
,お知らせ,14,12
,（,14,13
,PDF,14,14
,:,14,15
,100,14,16
,KB,14,17
,）,14,18
SBI 証券 及び SBI マネー プラザ と 業務 提携,SBI,15,0
,証券,15,1
,及び,15,2
,SBI,15,3
,マネー,15,4
,プラザ,15,5
,と,15,6
,業務,15,7
,提携,15,8
オーク ファン 、 クロスシー と 資本 業務 提携 ～「 タテンポガイド ネクスト 」 及び 「 NETSEA 」 に 連携 し た 中国 向け 共同 ソリューション を 開発 ～,オーク,16,0
,ファン,16,1
,、,16,2
,クロスシー,16,3
,と,16,4
,資本,16,5
,業務,16,6
,提携,16,7
,～「,16,8
,タテンポガイド,16,9
,ネクスト,16,10
,」,16,11
,及び,16,12
,「,16,13
,NETSEA,16,14
,」,16,15
,に,16,16
,連携,16,17
,し,16,18
,た,16,19
,中国,16,20
,向け,16,21
,共同,16,22
,ソリューション,16,23
,を,16,24
,開発,16,25
,～,16,26
マネー フォワード と Chatwork が 資本 業務 提携,マネー,17,0
,フォワード,17,1
,と,17,2
,Chatwork,17,3
,が,17,4
,資本,17,5
,業務,17,6
,提携,17,7
当社 子会社 による 株式会社 アステム の 株式 取得 完了 （ 孫 会社 化 ） の お知らせ （ 開示 事項 の 経過 ）( 128 KB ),当社,18,0
,子会社,18,1
,による,18,2
,株式会社,18,3
,アステム,18,4
,の,18,5
,株式,18,6
,取得,18,7
,完了,18,8
,（,18,9
,孫,18,10
,会社,18,11
,化,18,12
,）,18,13
,の,18,14
,お知らせ,18,15
,（,18,16
,開示,18,17
,事項,18,18
,の,18,19
,経過,18,20
,）(,18,21
,128,18,22
,KB,18,23
,),18,24
不動産 購入 ローン に 係る 業務 提携 に関する お知らせ,不動産,19,0
,購入,19,1
,ローン,19,2
,に,19,3
,係る,19,4
,業務,19,5
,提携,19,6
,に関する,19,7
,お知らせ,19,8
（ 開示 事項 の 経過 ） 連結 子会社 の 事業 譲渡 契約 締結 の お知らせ,（,20,0
,開示,20,1
,事項,20,2
,の,20,3
,経過,20,4
,）,20,5
,連結,20,6
,子会社,20,7
,の,20,8
,事業,20,9
,譲渡,20,10
,契約,20,11
,締結,20,12
,の,20,13
,お知らせ,20,14
Netflix 社 と の 包括 的 業務 提携 の 進捗 に関する お知らせ,Netflix,21,0
,社,21,1
,と,21,2
,の,21,3
,包括,21,4
,的,21,5
,業務,21,6
,提携,21,7
,の,21,8
,進捗,21,9
,に関する,21,10
,お知らせ,21,11
株式会社 ヤマウ と の 業務 提携 に関する お知らせ,株式会社,22,0
,ヤマウ,22,1
,と,22,2
,の,22,3
,業務,22,4
,提携,22,5
,に関する,22,6
,お知らせ,22,7
株式会社 ヤマックス と の 業務 提携 に関する お知らせ,株式会社,23,0
,ヤマックス,23,1
,と,23,2
,の,23,3
,業務,23,4
,提携,23,5
,に関する,23,6
,お知らせ,23,7
FinTech サービス 「 Funds （ ファンズ ） 」 の クラウドポート 社 と 業務 提携,FinTech,24,0
,サービス,24,1
,「,24,2
,Funds,24,3
,（,24,4
,ファンズ,24,5
,）,24,6
,」,24,7
,の,24,8
,クラウドポート,24,9
,社,24,10
,と,24,11
,業務,24,12
,提携,24,13
Trenser 社 と の 業務 資本 提携 契約 を 締結 いたし まし た 。,Trenser,25,0
,社,25,1
,と,25,2
,の,25,3
,業務,25,4
,資本,25,5
,提携,25,6
,契約,25,7
,を,25,8
,締結,25,9
,いたし,25,10
,まし,25,11
,た,25,12
,。,25,13
Trenser 社 と の 業務 資本 提携 契約 の 締結 に関する お知らせ を 発表 いたし まし た 。,Trenser,26,0
,社,26,1
,と,26,2
,の,26,3
,業務,26,4
,資本,26,5
,提携,26,6
,契約,26,7
,の,26,8
,締結,26,9
,に関する,26,10
,お知らせ,26,11
,を,26,12
,発表,26,13
,いたし,26,14
,まし,26,15
,た,26,16
,。,26,17
新た な 事業 の 開始 、 業務 提携 および 合同 会社 の 設立 に関する お知らせ,新た,27,0
,な,27,1
,事業,27,2
,の,27,3
,開始,27,4
,、,27,5
,業務,27,6
,提携,27,7
,および,27,8
,合同,27,9
,会社,27,10
,の,27,11
,設立,27,12
,に関する,27,13
,お知らせ,27,14
東洋刃物 株式会社 と の 資本 業務 提携 契約 締結 に関する お知らせ [ PDF 314 KB ],東洋刃物,28,0
,株式会社,28,1
,と,28,2
,の,28,3
,資本,28,4
,業務,28,5
,提携,28,6
,契約,28,7
,締結,28,8
,に関する,28,9
,お知らせ,28,10
,[,28,11
,PDF,28,12
,314,28,13
,KB,28,14
,],28,15
東洋刃物 株式会社 と の 資本 業務 提携 契約 締結 に関する お知らせ,東洋刃物,29,0
,株式会社,29,1
,と,29,2
,の,29,3
,資本,29,4
,業務,29,5
,提携,29,6
,契約,29,7
,締結,29,8
,に関する,29,9
,お知らせ,29,10
（ 経過 事項 ） フーリンラージ 株式会社 の 株式 取得 （ 子会社 化 ） に関する お知らせ ( 0 . 2 MB ),（,30,0
,経過,30,1
,事項,30,2
,）,30,3
,フーリンラージ,30,4
,株式会社,30,5
,の,30,6
,株式,30,7
,取得,30,8
,（,30,9
,子会社,30,10
,化,30,11
,）,30,12
,に関する,30,13
,お知らせ,30,14
,(,30,15
,0,30,16
,.,30,17
,2,30,18
,MB,30,19
,),30,20
株式会社 インベストオンライン の 株式 取得 （ 子会社 化 ） に関する お知らせ,株式会社,31,0
,インベストオンライン,31,1
,の,31,2
,株式,31,3
,取得,31,4
,（,31,5
,子会社,31,6
,化,31,7
,）,31,8
,に関する,31,9
,お知らせ,31,10
資本 ・ 業務 提携 の 解消 及び 主要 株主 で ある 筆頭 株主 の 異動 並びに その他 の 関係 会社 の 異動 に関する お知らせ,資本,32,0
,・,32,1
,業務,32,2
,提携,32,3
,の,32,4
,解消,32,5
,及び,32,6
,主要,32,7
,株主,32,8
,で,32,9
,ある,32,10
,筆頭,32,11
,株主,32,12
,の,32,13
,異動,32,14
,並びに,32,15
,その他,32,16
,の,32,17
,関係,32,18
,会社,32,19
,の,32,20
,異動,32,21
,に関する,32,22
,お知らせ,32,23
・ ド ローン ・ アーキテクチャ 研究所 の エアロネクスト と ドローンサービスプラットフォーム DaaS の 開発 と ドローン・エコシステム の 構築 に 向け 業務 提携 ～ 産業 ド ローン の 社会 実装 に 向け た 取り組み を 加速 ～,・,33,0
,ド,33,1
,ローン,33,2
,・,33,3
,アーキテクチャ,33,4
,研究所,33,5
,の,33,6
,エアロネクスト,33,7
,と,33,8
,ドローンサービスプラットフォーム,33,9
,DaaS,33,10
,の,33,11
,開発,33,12
,と,33,13
,ドローン・エコシステム,33,14
,の,33,15
,構築,33,16
,に,33,17
,向け,33,18
,業務,33,19
,提携,33,20
,～,33,21
,産業,33,22
,ド,33,23
,ローン,33,24
,の,33,25
,社会,33,26
,実装,33,27
,に,33,28
,向け,33,29
,た,33,30
,取り組み,33,31
,を,33,32
,加速,33,33
,～,33,34
fabbit と Trusted が 業務 提携,fabbit,34,0
,と,34,1
,Trusted,34,2
,が,34,3
,業務,34,4
,提携,34,5
（ 訂正 ） 「 連結 子会社 の 異動 ( 株式 譲渡 ） に関する 基本 合意 書 締結 に関する お知らせ 」 の 一部 訂正 について （ PDF 約 100 KB ）,（,35,0
,訂正,35,1
,）,35,2
,「,35,3
,連結,35,4
,子会社,35,5
,の,35,6
,異動,35,7
,(,35,8
,株式,35,9
,譲渡,35,10
,）,35,11
,に関する,35,12
,基本,35,13
,合意,35,14
,書,35,15
,締結,35,16
,に関する,35,17
,お知らせ,35,18
,」,35,19
,の,35,20
,一部,35,21
,訂正,35,22
,について,35,23
,（,35,24
,PDF,35,25
,約,35,26
,100,35,27
,KB,35,28
,）,35,29
2019 年 03 月 20 日 関連 会社 における 株式会社 クラウドポート と の 業務 提携 及び 当社 企画 ・ 開発 物件 を 対象 と する ファンド 公開 の お知らせ PR 情報 NEW !,2019,36,0
,年,36,1
,03,36,2
,月,36,3
,20,36,4
,日,36,5
,関連,36,6
,会社,36,7
,における,36,8
,株式会社,36,9
,クラウドポート,36,10
,と,36,11
,の,36,12
,業務,36,13
,提携,36,14
,及び,36,15
,当社,36,16
,企画,36,17
,・,36,18
,開発,36,19
,物件,36,20
,を,36,21
,対象,36,22
,と,36,23
,する,36,24
,ファンド,36,25
,公開,36,26
,の,36,27
,お知らせ,36,28
,PR,36,29
,情報,36,30
,NEW,36,31
,!,36,32
株式会社 う るる BPO と の 業務 提携 および 『 クラウドサイン SCAN 』 サービス 開始 に関する お知らせ,株式会社,37,0
,う,37,1
,るる,37,2
,BPO,37,3
,と,37,4
,の,37,5
,業務,37,6
,提携,37,7
,および,37,8
,『,37,9
,クラウドサイン,37,10
,SCAN,37,11
,』,37,12
,サービス,37,13
,開始,37,14
,に関する,37,15
,お知らせ,37,16
イタンジ 、 ファインネットテクノロジー と 業務 提携,イタンジ,38,0
,、,38,1
,ファインネットテクノロジー,38,2
,と,38,3
,業務,38,4
,提携,38,5
（ 変更 ） 「 新た な 事業 の 開始 、 業務 提携 および 合同 会社 の 設立 に関する お知らせ 」 の 一部 変更 について,（,39,0
,変更,39,1
,）,39,2
,「,39,3
,新た,39,4
,な,39,5
,事業,39,6
,の,39,7
,開始,39,8
,、,39,9
,業務,39,10
,提携,39,11
,および,39,12
,合同,39,13
,会社,39,14
,の,39,15
,設立,39,16
,に関する,39,17
,お知らせ,39,18
,」,39,19
,の,39,20
,一部,39,21
,変更,39,22
,について,39,23
2019 年 03 月 26 日 インバウンドテクノロジー 社 と の 業務 提携 の お知らせ,2019,40,0
,年,40,1
,03,40,2
,月,40,3
,26,40,4
,日,40,5
,インバウンドテクノロジー,40,6
,社,40,7
,と,40,8
,の,40,9
,業務,40,10
,提携,40,11
,の,40,12
,お知らせ,40,13
株式会社 フルッタフルッタ と の 資本 業務 提携 契約 について,株式会社,41,0
,フルッタフルッタ,41,1
,と,41,2
,の,41,3
,資本,41,4
,業務,41,5
,提携,41,6
,契約,41,7
,について,41,8
株式会社 エフティグループ の ASEAN ３ か国 ５ 社 の 子会社 の 株式 取得 （ 連結 子会社 化 ） に関する 基本 合意 契約 締結 の お知らせ,株式会社,42,0
,エフティグループ,42,1
,の,42,2
,ASEAN,42,3
,３,42,4
,か国,42,5
,５,42,6
,社,42,7
,の,42,8
,子会社,42,9
,の,42,10
,株式,42,11
,取得,42,12
,（,42,13
,連結,42,14
,子会社,42,15
,化,42,16
,）,42,17
,に関する,42,18
,基本,42,19
,合意,42,20
,契約,42,21
,締結,42,22
,の,42,23
,お知らせ,42,24
連結 子会社 の 異動 （ 株式 譲渡 ） に関する 基本 合意 契約 締結 に関する お知らせ ( PDF 形式 : 275 . 6 KB ),連結,43,0
,子会社,43,1
,の,43,2
,異動,43,3
,（,43,4
,株式,43,5
,譲渡,43,6
,）,43,7
,に関する,43,8
,基本,43,9
,合意,43,10
,契約,43,11
,締結,43,12
,に関する,43,13
,お知らせ,43,14
,(,43,15
,PDF,43,16
,形式,43,17
,:,43,18
,275,43,19
,.,43,20
,6,43,21
,KB,43,22
,),43,23
株式会社 KeyHolder と の 業務 提携 に関する お知らせ,株式会社,44,0
,KeyHolder,44,1
,と,44,2
,の,44,3
,業務,44,4
,提携,44,5
,に関する,44,6
,お知らせ,44,7
J トラスト 株式会社 及び 株式会社 日本 保証 と の 業務 提携 に関する お知らせ,J,45,0
,トラスト,45,1
,株式会社,45,2
,及び,45,3
,株式会社,45,4
,日本,45,5
,保証,45,6
,と,45,7
,の,45,8
,業務,45,9
,提携,45,10
,に関する,45,11
,お知らせ,45,12
SAMURAI & J PARTNERS 株式会社 と の 業務 提携 及び 新株 予約 権 の 引き受け に関する お知らせ ( 0 . 3 MB ),SAMURAI,46,0
,&,46,1
,J,46,2
,PARTNERS,46,3
,株式会社,46,4
,と,46,5
,の,46,6
,業務,46,7
,提携,46,8
,及び,46,9
,新株,46,10
,予約,46,11
,権,46,12
,の,46,13
,引き受け,46,14
,に関する,46,15
,お知らせ,46,16
,(,46,17
,0,46,18
,.,46,19
,3,46,20
,MB,46,21
,),46,22
ソーシャルメディアマーケティング 支援 企業 、 株式会社 ガーブー と の 資本 業務 提携 に関する お知らせ,ソーシャルメディアマーケティング,47,0
,支援,47,1
,企業,47,2
,、,47,3
,株式会社,47,4
,ガーブー,47,5
,と,47,6
,の,47,7
,資本,47,8
,業務,47,9
,提携,47,10
,に関する,47,11
,お知らせ,47,12
地方自治体 向け ＳＭＳ 配信 プラットホーム 開発 に関する 業務 提携 の お知らせ,地方自治体,48,0
,向け,48,1
,ＳＭＳ,48,2
,配信,48,3
,プラットホーム,48,4
,開発,48,5
,に関する,48,6
,業務,48,7
,提携,48,8
,の,48,9
,お知らせ,48,10
子会社 の 商号 変更 及び 子会社 の 異動 を 伴う 株式 譲渡 契約 締結 ならびに 特別 損失 の 計上 に関する お知らせ （ PDF 約 188 KB ）,子会社,49,0
,の,49,1
,商号,49,2
,変更,49,3
,及び,49,4
,子会社,49,5
,の,49,6
,異動,49,7
,を,49,8
,伴う,49,9
,株式,49,10
,譲渡,49,11
,契約,49,12
,締結,49,13
,ならびに,49,14
,特別,49,15
,損失,49,16
,の,49,17
,計上,49,18
,に関する,49,19
,お知らせ,49,20
,（,49,21
,PDF,49,22
,約,49,23
,188,49,24
,KB,49,25
,）,49,26
業務 委託 契約 締結 に関する お知らせ ( 142 KB ),業務,50,0
,委託,50,1
,契約,50,2
,締結,50,3
,に関する,50,4
,お知らせ,50,5
,(,50,6
,142,50,7
,KB,50,8
,),50,9
インドネシア 送出 し 機関 「 LPK Coop Indonesia 」 と の 業務 提携 に関する お知らせ,インドネシア,51,0
,送出,51,1
,し,51,2
,機関,51,3
,「,51,4
,LPK,51,5
,Coop,51,6
,Indonesia,51,7
,」,51,8
,と,51,9
,の,51,10
,業務,51,11
,提携,51,12
,に関する,51,13
,お知らせ,51,14
IR 株式会社 Gunosy と の 業務 提携 の 基本 合意 に関する お知らせ PDF,IR,52,0
,株式会社,52,1
,Gunosy,52,2
,と,52,3
,の,52,4
,業務,52,5
,提携,52,6
,の,52,7
,基本,52,8
,合意,52,9
,に関する,52,10
,お知らせ,52,11
,PDF,52,12
フード 関連 施設 （ 横丁 事業 ） の 開発 開始 及び 株式会社 アスラボ と の 業務 提携 に関する お知らせ PDF ( 286 KB ),フード,53,0
,関連,53,1
,施設,53,2
,（,53,3
,横丁,53,4
,事業,53,5
,）,53,6
,の,53,7
,開発,53,8
,開始,53,9
,及び,53,10
,株式会社,53,11
,アスラボ,53,12
,と,53,13
,の,53,14
,業務,53,15
,提携,53,16
,に関する,53,17
,お知らせ,53,18
,PDF,53,19
,(,53,20
,286,53,21
,KB,53,22
,),53,23
リリース サニーサイドアップ と Gunosy が 業務 提携 に 合意 ～ デジタル と リアル の 強固 な パートナーシップ で “ 人 の 輝き を 創る ” ～,リリース,54,0
,サニーサイドアップ,54,1
,と,54,2
,Gunosy,54,3
,が,54,4
,業務,54,5
,提携,54,6
,に,54,7
,合意,54,8
,～,54,9
,デジタル,54,10
,と,54,11
,リアル,54,12
,の,54,13
,強固,54,14
,な,54,15
,パートナーシップ,54,16
,で,54,17
,“,54,18
,人,54,19
,の,54,20
,輝き,54,21
,を,54,22
,創る,54,23
,”,54,24
,～,54,25
ペーパー ロジック 株式会社 と の 資本 業務 提携 に関する お知らせ,ペーパー,55,0
,ロジック,55,1
,株式会社,55,2
,と,55,3
,の,55,4
,資本,55,5
,業務,55,6
,提携,55,7
,に関する,55,8
,お知らせ,55,9
株式会社 ビジュアライズ と の 資本 業務 提携 に関する お知らせ,株式会社,56,0
,ビジュアライズ,56,1
,と,56,2
,の,56,3
,資本,56,4
,業務,56,5
,提携,56,6
,に関する,56,7
,お知らせ,56,8
資本 業務 提携 及び 第三者 割当 による 新株 式 の 発行 に関する お知らせ,資本,57,0
,業務,57,1
,提携,57,2
,及び,57,3
,第三者,57,4
,割当,57,5
,による,57,6
,新株,57,7
,式,57,8
,の,57,9
,発行,57,10
,に関する,57,11
,お知らせ,57,12
株式会社 スノーピーク と の 資本 業務 提携 に関する お知らせ,株式会社,58,0
,スノーピーク,58,1
,と,58,2
,の,58,3
,資本,58,4
,業務,58,5
,提携,58,6
,に関する,58,7
,お知らせ,58,8
株式会社 アイスクウェアド と ARCHIBUS に 係る 販売 代理 店 契約 を 締結 し まし た 。,株式会社,59,0
,アイスクウェアド,59,1
,と,59,2
,ARCHIBUS,59,3
,に,59,4
,係る,59,5
,販売,59,6
,代理,59,7
,店,59,8
,契約,59,9
,を,59,10
,締結,59,11
,し,59,12
,まし,59,13
,た,59,14
,。,59,15
全国 に 店舗 展開 ！ リユース 事業 を 手掛ける 株式会社 トレジャー・ファクトリー と の 業務 提携 に関する お知らせ,全国,60,0
,に,60,1
,店舗,60,2
,展開,60,3
,！,60,4
,リユース,60,5
,事業,60,6
,を,60,7
,手掛ける,60,8
,株式会社,60,9
,トレジャー・ファクトリー,60,10
,と,60,11
,の,60,12
,業務,60,13
,提携,60,14
,に関する,60,15
,お知らせ,60,16
株式会社 ツムラ と の 業務 提携 に関する お知らせ,株式会社,61,0
,ツムラ,61,1
,と,61,2
,の,61,3
,業務,61,4
,提携,61,5
,に関する,61,6
,お知らせ,61,7
株式 の 取得 （ 子会社 化 ） に関する 基本 合意 書 締結 の お知らせ,株式,62,0
,の,62,1
,取得,62,2
,（,62,3
,子会社,62,4
,化,62,5
,）,62,6
,に関する,62,7
,基本,62,8
,合意,62,9
,書,62,10
,締結,62,11
,の,62,12
,お知らせ,62,13
2019 年 04 月 15 日 IR ニュース 千葉 ジェッツ ふ な ば し と の 戦略 的 資本 業務 提携 および 株式 取得 に関する お知らせ NEW PDF ( 391 KB ),2019,63,0
,年,63,1
,04,63,2
,月,63,3
,15,63,4
,日,63,5
,IR,63,6
,ニュース,63,7
,千葉,63,8
,ジェッツ,63,9
,ふ,63,10
,な,63,11
,ば,63,12
,し,63,13
,と,63,14
,の,63,15
,戦略,63,16
,的,63,17
,資本,63,18
,業務,63,19
,提携,63,20
,および,63,21
,株式,63,22
,取得,63,23
,に関する,63,24
,お知らせ,63,25
,NEW,63,26
,PDF,63,27
,(,63,28
,391,63,29
,KB,63,30
,),63,31
株式会社 新 東京 グループ と の 業務 提携 に関する お知らせ ( 平成 31 年 4 月 12 日 ) PDF ダウンロード,株式会社,64,0
,新,64,1
,東京,64,2
,グループ,64,3
,と,64,4
,の,64,5
,業務,64,6
,提携,64,7
,に関する,64,8
,お知らせ,64,9
,(,64,10
,平成,64,11
,31,64,12
,年,64,13
,4,64,14
,月,64,15
,12,64,16
,日,64,17
,),64,18
,PDF,64,19
,ダウンロード,64,20
サイン ポスト と トッパンフォームズ 無人 AI レジ ビジネス の 業務 提携 に 基本 合意 ～ 販売 権 に関する 契約 締結 及び 周辺 サービス 提供 に 向け た 協業 検討 を 開始 ～（ 320 KB ）,サイン,65,0
,ポスト,65,1
,と,65,2
,トッパンフォームズ,65,3
,無人,65,4
,AI,65,5
,レジ,65,6
,ビジネス,65,7
,の,65,8
,業務,65,9
,提携,65,10
,に,65,11
,基本,65,12
,合意,65,13
,～,65,14
,販売,65,15
,権,65,16
,に関する,65,17
,契約,65,18
,締結,65,19
,及び,65,20
,周辺,65,21
,サービス,65,22
,提供,65,23
,に,65,24
,向け,65,25
,た,65,26
,協業,65,27
,検討,65,28
,を,65,29
,開始,65,30
,～（,65,31
,320,65,32
,KB,65,33
,）,65,34
2501 株式会社 と の 資本 業務 提携 に関する お知らせ,2501,66,0
,株式会社,66,1
,と,66,2
,の,66,3
,資本,66,4
,業務,66,5
,提携,66,6
,に関する,66,7
,お知らせ,66,8
資本 業務 提携 契約 の 締結 に関する お知らせ,資本,67,0
,業務,67,1
,提携,67,2
,契約,67,3
,の,67,4
,締結,67,5
,に関する,67,6
,お知らせ,67,7
「 イガリホールディングス 株式会社 の 株式 の 取得 （ 子会社 化 ） に関する お知らせ 」 を 掲載 し まし た 。,「,68,0
,イガリホールディングス,68,1
,株式会社,68,2
,の,68,3
,株式,68,4
,の,68,5
,取得,68,6
,（,68,7
,子会社,68,8
,化,68,9
,）,68,10
,に関する,68,11
,お知らせ,68,12
,」,68,13
,を,68,14
,掲載,68,15
,し,68,16
,まし,68,17
,た,68,18
,。,68,19
（ 開示 事項 の 変更 ） 株式会社 インベストオンライン の 株式 取得 （ 子会社 化 ） の 延期 に関する お知らせ,（,69,0
,開示,69,1
,事項,69,2
,の,69,3
,変更,69,4
,）,69,5
,株式会社,69,6
,インベストオンライン,69,7
,の,69,8
,株式,69,9
,取得,69,10
,（,69,11
,子会社,69,12
,化,69,13
,）,69,14
,の,69,15
,延期,69,16
,に関する,69,17
,お知らせ,69,18
iYell 株式会社 と の 業務 提携 に関する お知らせ ～ 住宅 ローン 業務 効率 化 を 図る 「 センチュリー 21 住宅 ローン デスク 」 を 提供 ～,iYell,70,0
,株式会社,70,1
,と,70,2
,の,70,3
,業務,70,4
,提携,70,5
,に関する,70,6
,お知らせ,70,7
,～,70,8
,住宅,70,9
,ローン,70,10
,業務,70,11
,効率,70,12
,化,70,13
,を,70,14
,図る,70,15
,「,70,16
,センチュリー,70,17
,21,70,18
,住宅,70,19
,ローン,70,20
,デスク,70,21
,」,70,22
,を,70,23
,提供,70,24
,～,70,25
クラウドファンディング 「 SAMURAI 」 株式会社 日本 保証 と の 業務 提携 第 一 号 案件 リリース 予定 の お知らせ,クラウドファンディング,71,0
,「,71,1
,SAMURAI,71,2
,」,71,3
,株式会社,71,4
,日本,71,5
,保証,71,6
,と,71,7
,の,71,8
,業務,71,9
,提携,71,10
,第,71,11
,一,71,12
,号,71,13
,案件,71,14
,リリース,71,15
,予定,71,16
,の,71,17
,お知らせ,71,18
プレス リリース メドピア 、 ファーマインターナショナル と 業務 提携 し 、 医薬品 マーケティング 支援 における コンテンツ 制作 を 強化,プレス,72,0
,リリース,72,1
,メドピア,72,2
,、,72,3
,ファーマインターナショナル,72,4
,と,72,5
,業務,72,6
,提携,72,7
,し,72,8
,、,72,9
,医薬品,72,10
,マーケティング,72,11
,支援,72,12
,における,72,13
,コンテンツ,72,14
,制作,72,15
,を,72,16
,強化,72,17
「 株式会社 アルム 及び 医療 法 ⼈社 団 天 太 会 と の 医療 ・ ヘルスケア AI ソリューション 開発 に 向け た 業務 ・ 資本 提携 」 に関する お知らせ [ PDF ： 149 KB ],「,73,0
,株式会社,73,1
,アルム,73,2
,及び,73,3
,医療,73,4
,法,73,5
,⼈社,73,6
,団,73,7
,天,73,8
,太,73,9
,会,73,10
,と,73,11
,の,73,12
,医療,73,13
,・,73,14
,ヘルスケア,73,15
,AI,73,16
,ソリューション,73,17
,開発,73,18
,に,73,19
,向け,73,20
,た,73,21
,業務,73,22
,・,73,23
,資本,73,24
,提携,73,25
,」,73,26
,に関する,73,27
,お知らせ,73,28
,[,73,29
,PDF,73,30
,：,73,31
,149,73,32
,KB,73,33
,],73,34
シルバー エッグ ・ テクノロジー 株式会社 と の 業務 提携 に関する お知らせ,シルバー,74,0
,エッグ,74,1
,・,74,2
,テクノロジー,74,3
,株式会社,74,4
,と,74,5
,の,74,6
,業務,74,7
,提携,74,8
,に関する,74,9
,お知らせ,74,10
オリックス 銀行 と の 業務 提携 について,オリックス,75,0
,銀行,75,1
,と,75,2
,の,75,3
,業務,75,4
,提携,75,5
,について,75,6
株式会社 エフティグループ の ASEAN ３ か国 ５ 社 の 子会社 の 株式 譲渡 契約 締結 に関する お知らせ 当,株式会社,76,0
,エフティグループ,76,1
,の,76,2
,ASEAN,76,3
,３,76,4
,か国,76,5
,５,76,6
,社,76,7
,の,76,8
,子会社,76,9
,の,76,10
,株式,76,11
,譲渡,76,12
,契約,76,13
,締結,76,14
,に関する,76,15
,お知らせ,76,16
,当,76,17
株式会社 ラグザイア の 株式 取得 及び 簡易 株式 交換 （ 完全 子会社 化 ） に関する お知らせ IR 情報,株式会社,77,0
,ラグザイア,77,1
,の,77,2
,株式,77,3
,取得,77,4
,及び,77,5
,簡易,77,6
,株式,77,7
,交換,77,8
,（,77,9
,完全,77,10
,子会社,77,11
,化,77,12
,）,77,13
,に関する,77,14
,お知らせ,77,15
,IR,77,16
,情報,77,17
（ 開示 事項 の 経過 報告 ） 連結 子会社 の 異動 を 伴う 株式 譲渡 契約 締結 に関する お知らせ ( PDF 形式 : 220 . 9 KB ),（,78,0
,開示,78,1
,事項,78,2
,の,78,3
,経過,78,4
,報告,78,5
,）,78,6
,連結,78,7
,子会社,78,8
,の,78,9
,異動,78,10
,を,78,11
,伴う,78,12
,株式,78,13
,譲渡,78,14
,契約,78,15
,締結,78,16
,に関する,78,17
,お知らせ,78,18
,(,78,19
,PDF,78,20
,形式,78,21
,:,78,22
,220,78,23
,.,78,24
,9,78,25
,KB,78,26
,),78,27
ソースネクスト 株式会社 と の OEM 契約 締結 に関する お知らせ,ソースネクスト,79,0
,株式会社,79,1
,と,79,2
,の,79,3
,OEM,79,4
,契約,79,5
,締結,79,6
,に関する,79,7
,お知らせ,79,8
「 ネットイース ( 網 易 ) ニュース 」 の 正式 日本 総 代理 店 NTP 株式会社 と 戦略 的 業務 提携 を 締結 いたし まし た 。,「,80,0
,ネットイース,80,1
,(,80,2
,網,80,3
,易,80,4
,),80,5
,ニュース,80,6
,」,80,7
,の,80,8
,正式,80,9
,日本,80,10
,総,80,11
,代理,80,12
,店,80,13
,NTP,80,14
,株式会社,80,15
,と,80,16
,戦略,80,17
,的,80,18
,業務,80,19
,提携,80,20
,を,80,21
,締結,80,22
,いたし,80,23
,まし,80,24
,た,80,25
,。,80,26
ミャンマー の 日本語 学校 「 Taishi Vocational College 」 と の 業務 提携 に関する お知らせ,ミャンマー,81,0
,の,81,1
,日本語,81,2
,学校,81,3
,「,81,4
,Taishi,81,5
,Vocational,81,6
,College,81,7
,」,81,8
,と,81,9
,の,81,10
,業務,81,11
,提携,81,12
,に関する,81,13
,お知らせ,81,14
ミャンマー における 送出 し 事業 業務 提携 に関する お知らせ,ミャンマー,82,0
,における,82,1
,送出,82,2
,し,82,3
,事業,82,4
,業務,82,5
,提携,82,6
,に関する,82,7
,お知らせ,82,8
水戸 ホーリーホック と の 資本 業務 提携 及び ユニフォーム パートナー 決定 の お知らせ,水戸,83,0
,ホーリーホック,83,1
,と,83,2
,の,83,3
,資本,83,4
,業務,83,5
,提携,83,6
,及び,83,7
,ユニフォーム,83,8
,パートナー,83,9
,決定,83,10
,の,83,11
,お知らせ,83,12
資本 業務 提携 及び 第三者 割当 による 優先株 式 の 発行 、 定款 の 一部 変更 並びに 資本 金 の 額 及び 資本 準備 金 の 額 の 減少 に関する お知らせ,資本,84,0
,業務,84,1
,提携,84,2
,及び,84,3
,第三者,84,4
,割当,84,5
,による,84,6
,優先株,84,7
,式,84,8
,の,84,9
,発行,84,10
,、,84,11
,定款,84,12
,の,84,13
,一部,84,14
,変更,84,15
,並びに,84,16
,資本,84,17
,金,84,18
,の,84,19
,額,84,20
,及び,84,21
,資本,84,22
,準備,84,23
,金,84,24
,の,84,25
,額,84,26
,の,84,27
,減少,84,28
,に関する,84,29
,お知らせ,84,30
相続 管理 システム 展開 の ビービーシー と 業務 提携 税理士 など 士 業 の 方 を 対象 と し た 不動産 活用 で の 相続 ・ 贈与 税 の 節税 メリット 算出 シミュレーター を 共同 開発,相続,85,0
,管理,85,1
,システム,85,2
,展開,85,3
,の,85,4
,ビービーシー,85,5
,と,85,6
,業務,85,7
,提携,85,8
,税理士,85,9
,など,85,10
,士,85,11
,業,85,12
,の,85,13
,方,85,14
,を,85,15
,対象,85,16
,と,85,17
,し,85,18
,た,85,19
,不動産,85,20
,活用,85,21
,で,85,22
,の,85,23
,相続,85,24
,・,85,25
,贈与,85,26
,税,85,27
,の,85,28
,節税,85,29
,メリット,85,30
,算出,85,31
,シミュレーター,85,32
,を,85,33
,共同,85,34
,開発,85,35
「 TechAcademy 」 を 運営 する キラメックス 、 株式会社 アーテック と 業務 提携 開始 〜 中高生 向け 「 Python ロボティクスコ …,「,86,0
,TechAcademy,86,1
,」,86,2
,を,86,3
,運営,86,4
,する,86,5
,キラメックス,86,6
,、,86,7
,株式会社,86,8
,アーテック,86,9
,と,86,10
,業務,86,11
,提携,86,12
,開始,86,13
,〜,86,14
,中高生,86,15
,向け,86,16
,「,86,17
,Python,86,18
,ロボティクスコ,86,19
,…,86,20
AI で 映像 制作 業務 の 効率 化 を 実現 する 共同 開発 において モルフォ と ヌーベルグループ が 業務 提携,AI,87,0
,で,87,1
,映像,87,2
,制作,87,3
,業務,87,4
,の,87,5
,効率,87,6
,化,87,7
,を,87,8
,実現,87,9
,する,87,10
,共同,87,11
,開発,87,12
,において,87,13
,モルフォ,87,14
,と,87,15
,ヌーベルグループ,87,16
,が,87,17
,業務,87,18
,提携,87,19
シダックス ㈱ ユニゾン・キャピタル ㈱ 資本 業務 提携 に関する 共同 記者 発表 会 － 説明 資料,シダックス,88,0
,㈱,88,1
,ユニゾン・キャピタル,88,2
,㈱,88,3
,資本,88,4
,業務,88,5
,提携,88,6
,に関する,88,7
,共同,88,8
,記者,88,9
,発表,88,10
,会,88,11
,－,88,12
,説明,88,13
,資料,88,14
シダックス ㈱ ユニゾン・キャピタル ㈱ 資本 業務 提携 に関する 共同 記者 発表 会 － 記者 会見 説明 資料,シダックス,89,0
,㈱,89,1
,ユニゾン・キャピタル,89,2
,㈱,89,3
,資本,89,4
,業務,89,5
,提携,89,6
,に関する,89,7
,共同,89,8
,記者,89,9
,発表,89,10
,会,89,11
,－,89,12
,記者,89,13
,会見,89,14
,説明,89,15
,資料,89,16
5 月 17 日 （ 金 ） シダックス ㈱ ユニゾン・キャピタル ㈱ 資本 業務 提携 に関する 共同 記者 発表 会 － 記者 会見 説明 資料,5,90,0
,月,90,1
,17,90,2
,日,90,3
,（,90,4
,金,90,5
,）,90,6
,シダックス,90,7
,㈱,90,8
,ユニゾン・キャピタル,90,9
,㈱,90,10
,資本,90,11
,業務,90,12
,提携,90,13
,に関する,90,14
,共同,90,15
,記者,90,16
,発表,90,17
,会,90,18
,－,90,19
,記者,90,20
,会見,90,21
,説明,90,22
,資料,90,23
5 月 17 日 （ 金 ） ユニゾン・キャピタル ㈱ と 資本 業務 提携 に関する 、 共同 記者 発表 会 を 行い まし た 。 － 記者 会見 説明 資料 は こちら,5,91,0
,月,91,1
,17,91,2
,日,91,3
,（,91,4
,金,91,5
,）,91,6
,ユニゾン・キャピタル,91,7
,㈱,91,8
,と,91,9
,資本,91,10
,業務,91,11
,提携,91,12
,に関する,91,13
,、,91,14
,共同,91,15
,記者,91,16
,発表,91,17
,会,91,18
,を,91,19
,行い,91,20
,まし,91,21
,た,91,22
,。,91,23
,－,91,24
,記者,91,25
,会見,91,26
,説明,91,27
,資料,91,28
,は,91,29
,こちら,91,30
当社 連結 子会社 と 株式会社 オーセモーション・プロダクツ と の 包括 的 業務 提携 に関する お知らせ,当社,92,0
,連結,92,1
,子会社,92,2
,と,92,3
,株式会社,92,4
,オーセモーション・プロダクツ,92,5
,と,92,6
,の,92,7
,包括,92,8
,的,92,9
,業務,92,10
,提携,92,11
,に関する,92,12
,お知らせ,92,13
塩野義製薬 株式会社 と の 資本 業務 提携 に 係る 第 ３ 回 マイル ストーン 達成 確認 に関する お知らせ,塩野義製薬,93,0
,株式会社,93,1
,と,93,2
,の,93,3
,資本,93,4
,業務,93,5
,提携,93,6
,に,93,7
,係る,93,8
,第,93,9
,３,93,10
,回,93,11
,マイル,93,12
,ストーン,93,13
,達成,93,14
,確認,93,15
,に関する,93,16
,お知らせ,93,17
シダックス ユニゾン・キャピタル 資本 業務 提携 に関する 共同 記者 発表 会 － 説明 資料,シダックス,94,0
,ユニゾン・キャピタル,94,1
,資本,94,2
,業務,94,3
,提携,94,4
,に関する,94,5
,共同,94,6
,記者,94,7
,発表,94,8
,会,94,9
,－,94,10
,説明,94,11
,資料,94,12
( 開示 事項 の 経過 ） 子会社 の 異動 を 伴う 株式 譲渡 及び 子会社 の 一部 事業 譲渡 に かかる 契約 締結 に関する お知らせ （ PDF 約 257 KB ）,(,95,0
,開示,95,1
,事項,95,2
,の,95,3
,経過,95,4
,）,95,5
,子会社,95,6
,の,95,7
,異動,95,8
,を,95,9
,伴う,95,10
,株式,95,11
,譲渡,95,12
,及び,95,13
,子会社,95,14
,の,95,15
,一部,95,16
,事業,95,17
,譲渡,95,18
,に,95,19
,かかる,95,20
,契約,95,21
,締結,95,22
,に関する,95,23
,お知らせ,95,24
,（,95,25
,PDF,95,26
,約,95,27
,257,95,28
,KB,95,29
,）,95,30
NEWS 2019 . 05 . 23 株式会社 ネタ もと と 資本 業務 提携,NEWS,96,0
,2019,96,1
,.,96,2
,05,96,3
,.,96,4
,23,96,5
,株式会社,96,6
,ネタ,96,7
,もと,96,8
,と,96,9
,資本,96,10
,業務,96,11
,提携,96,12
新た な 事業 の 開始 および 業務 提携 に関する お知らせ,新た,97,0
,な,97,1
,事業,97,2
,の,97,3
,開始,97,4
,および,97,5
,業務,97,6
,提携,97,7
,に関する,97,8
,お知らせ,97,9
プレス リリース メドピア 、 リクルートメディカルキャリア と 業務 提携,プレス,98,0
,リリース,98,1
,メドピア,98,2
,、,98,3
,リクルートメディカルキャリア,98,4
,と,98,5
,業務,98,6
,提携,98,7
NEWS 2019 . 05 . 23 情報 マッチング プラットフォーム を 運営 する 株式会社 ネタ もと と 資本 業務 提携,NEWS,99,0
,2019,99,1
,.,99,2
,05,99,3
,.,99,4
,23,99,5
,情報,99,6
,マッチング,99,7
,プラットフォーム,99,8
,を,99,9
,運営,99,10
,する,99,11
,株式会社,99,12
,ネタ,99,13
,もと,99,14
,と,99,15
,資本,99,16
,業務,99,17
,提携,99,18
株式会社 アイセルネットワークス （ IMS グループ ） と の 業務 提携 に関する お知らせ ( 令 和 元年 5 月 27 日 ) PDF ダウンロード,株式会社,100,0
,アイセルネットワークス,100,1
,（,100,2
,IMS,100,3
,グループ,100,4
,）,100,5
,と,100,6
,の,100,7
,業務,100,8
,提携,100,9
,に関する,100,10
,お知らせ,100,11
,(,100,12
,令,100,13
,和,100,14
,元年,100,15
,5,100,16
,月,100,17
,27,100,18
,日,100,19
,),100,20
,PDF,100,21
,ダウンロード,100,22
プレス リリース メドピアグループ 、 アスクル と 業務 提携 し 、 アスクル の 法人 顧客 向け に 産業 保健 支援 サービス 「 first call 」 を 提供,プレス,101,0
,リリース,101,1
,メドピアグループ,101,2
,、,101,3
,アスクル,101,4
,と,101,5
,業務,101,6
,提携,101,7
,し,101,8
,、,101,9
,アスクル,101,10
,の,101,11
,法人,101,12
,顧客,101,13
,向け,101,14
,に,101,15
,産業,101,16
,保健,101,17
,支援,101,18
,サービス,101,19
,「,101,20
,first,101,21
,call,101,22
,」,101,23
,を,101,24
,提供,101,25
当社 子会社 （ 株式会社 夢 テクノロジー ） と 株式会社 BlueMeme の 業務 提携 契約 締結 に関する お知らせ,当社,102,0
,子会社,102,1
,（,102,2
,株式会社,102,3
,夢,102,4
,テクノロジー,102,5
,）,102,6
,と,102,7
,株式会社,102,8
,BlueMeme,102,9
,の,102,10
,業務,102,11
,提携,102,12
,契約,102,13
,締結,102,14
,に関する,102,15
,お知らせ,102,16
プレス リリース メドピアグループ 、 日本経済新聞社 と 業務 提携 し 、 日経 ID 会員 向け に ヘルスケア 事業 を 共同 展開,プレス,103,0
,リリース,103,1
,メドピアグループ,103,2
,、,103,3
,日本経済新聞社,103,4
,と,103,5
,業務,103,6
,提携,103,7
,し,103,8
,、,103,9
,日経,103,10
,ID,103,11
,会員,103,12
,向け,103,13
,に,103,14
,ヘルスケア,103,15
,事業,103,16
,を,103,17
,共同,103,18
,展開,103,19
米国 の フィン テック 企業 CoinZoom 社 と 資本 ・ 業務 提携,米国,104,0
,の,104,1
,フィン,104,2
,テック,104,3
,企業,104,4
,CoinZoom,104,5
,社,104,6
,と,104,7
,資本,104,8
,・,104,9
,業務,104,10
,提携,104,11
Megazone Cloud Corporation （ 韓国 ） と の 業務 提携 について の お知らせ,Megazone,105,0
,Cloud,105,1
,Corporation,105,2
,（,105,3
,韓国,105,4
,）,105,5
,と,105,6
,の,105,7
,業務,105,8
,提携,105,9
,について,105,10
,の,105,11
,お知らせ,105,12
"GPM Co ., Ltd .（ 韓国 ） と の 業務 提携 について の お知らせ",GPM,106,0
,Co,106,1
,".,",106,2
,Ltd,106,3
,.（,106,4
,韓国,106,5
,）,106,6
,と,106,7
,の,106,8
,業務,106,9
,提携,106,10
,について,106,11
,の,106,12
,お知らせ,106,13
農林中央金庫 と の 業務 提携 の お知らせ ( pdf : 399 KB ),農林中央金庫,107,0
,と,107,1
,の,107,2
,業務,107,3
,提携,107,4
,の,107,5
,お知らせ,107,6
,(,107,7
,pdf,107,8
,:,107,9
,399,107,10
,KB,107,11
,),107,12
リクルート 社 と の 業務 提携 契約 に関する お知らせ,リクルート,108,0
,社,108,1
,と,108,2
,の,108,3
,業務,108,4
,提携,108,5
,契約,108,6
,に関する,108,7
,お知らせ,108,8
（ 開示 事項 の 経過 ） 株式会社 エフティグループ の ASEAN ３ か国 ５ 社 の 子会社 の 株式 譲渡 契約 締結 に関する お知らせ,（,109,0
,開示,109,1
,事項,109,2
,の,109,3
,経過,109,4
,）,109,5
,株式会社,109,6
,エフティグループ,109,7
,の,109,8
,ASEAN,109,9
,３,109,10
,か国,109,11
,５,109,12
,社,109,13
,の,109,14
,子会社,109,15
,の,109,16
,株式,109,17
,譲渡,109,18
,契約,109,19
,締結,109,20
,に関する,109,21
,お知らせ,109,22
アドウェイズ 、 台湾 で 7 千 万 枚 以上 の 発行 実績 の ある EasyCard を 利用 し た 唯一 の ポイント プログラム UUPON と 業務 提携 ～ 台湾 進出 企業 の マーケティング 活動 を サポート ～,アドウェイズ,110,0
,、,110,1
,台湾,110,2
,で,110,3
,7,110,4
,千,110,5
,万,110,6
,枚,110,7
,以上,110,8
,の,110,9
,発行,110,10
,実績,110,11
,の,110,12
,ある,110,13
,EasyCard,110,14
,を,110,15
,利用,110,16
,し,110,17
,た,110,18
,唯一,110,19
,の,110,20
,ポイント,110,21
,プログラム,110,22
,UUPON,110,23
,と,110,24
,業務,110,25
,提携,110,26
,～,110,27
,台湾,110,28
,進出,110,29
,企業,110,30
,の,110,31
,マーケティング,110,32
,活動,110,33
,を,110,34
,サポート,110,35
,～,110,36
「 OYO LIFE 」 を 運営 する OYO TECHNOLOGY & HOSPITALITY JAPAN と 業務 提携 スマホ ひとつ で “ 旅 する よう に 暮らす ” 「 OYO LIFE 」 に 物件 提供,「,111,0
,OYO,111,1
,LIFE,111,2
,」,111,3
,を,111,4
,運営,111,5
,する,111,6
,OYO,111,7
,TECHNOLOGY,111,8
,&,111,9
,HOSPITALITY,111,10
,JAPAN,111,11
,と,111,12
,業務,111,13
,提携,111,14
,スマホ,111,15
,ひとつ,111,16
,で,111,17
,“,111,18
,旅,111,19
,する,111,20
,よう,111,21
,に,111,22
,暮らす,111,23
,”,111,24
,「,111,25
,OYO,111,26
,LIFE,111,27
,」,111,28
,に,111,29
,物件,111,30
,提供,111,31
Fogg 、 ソフマップ と 業務 提携 ソフマップ の 各 イベント スペース で イベント を 共同 で 企画,Fogg,112,0
,、,112,1
,ソフマップ,112,2
,と,112,3
,業務,112,4
,提携,112,5
,ソフマップ,112,6
,の,112,7
,各,112,8
,イベント,112,9
,スペース,112,10
,で,112,11
,イベント,112,12
,を,112,13
,共同,112,14
,で,112,15
,企画,112,16
クミアイ化学工業 株式会社 による 株式会社 理研グリーン の 完全 子会社 化 に関する 株式 交換 契約 締結 （ 簡易 株式 交換 ） の お知らせ,クミアイ化学工業,113,0
,株式会社,113,1
,による,113,2
,株式会社,113,3
,理研グリーン,113,4
,の,113,5
,完全,113,6
,子会社,113,7
,化,113,8
,に関する,113,9
,株式,113,10
,交換,113,11
,契約,113,12
,締結,113,13
,（,113,14
,簡易,113,15
,株式,113,16
,交換,113,17
,）,113,18
,の,113,19
,お知らせ,113,20
株式会社 ONDe と の 業務 提携 による 越境 EC 事業 開始 に 向け た 取り組み の お知らせ,株式会社,114,0
,ONDe,114,1
,と,114,2
,の,114,3
,業務,114,4
,提携,114,5
,による,114,6
,越境,114,7
,EC,114,8
,事業,114,9
,開始,114,10
,に,114,11
,向け,114,12
,た,114,13
,取り組み,114,14
,の,114,15
,お知らせ,114,16
業務 提携 に関する お知らせ,業務,115,0
,提携,115,1
,に関する,115,2
,お知らせ,115,3
2019 年 06 月 10 日 OYO TECHNOLOGY ＆ HOSPITALITY JAPAN と の 業務 提携 の お知らせ,2019,116,0
,年,116,1
,06,116,2
,月,116,3
,10,116,4
,日,116,5
,OYO,116,6
,TECHNOLOGY,116,7
,＆,116,8
,HOSPITALITY,116,9
,JAPAN,116,10
,と,116,11
,の,116,12
,業務,116,13
,提携,116,14
,の,116,15
,お知らせ,116,16
2019 年 06 月 10 日 OYOLIFE と の 業務 提携 の お知らせ,2019,117,0
,年,117,1
,06,117,2
,月,117,3
,10,117,4
,日,117,5
,OYOLIFE,117,6
,と,117,7
,の,117,8
,業務,117,9
,提携,117,10
,の,117,11
,お知らせ,117,12
ウィルポート 株式会社 と 資本 業務 提携 を 締結,ウィルポート,118,0
,株式会社,118,1
,と,118,2
,資本,118,3
,業務,118,4
,提携,118,5
,を,118,6
,締結,118,7
株式 取得 （ 子会社 化 ） に関する 基本 合意 書 締結 の お知らせ ( 令 和 元年 6 月 12 日 ) PDF ダウンロード,株式,119,0
,取得,119,1
,（,119,2
,子会社,119,3
,化,119,4
,）,119,5
,に関する,119,6
,基本,119,7
,合意,119,8
,書,119,9
,締結,119,10
,の,119,11
,お知らせ,119,12
,(,119,13
,令,119,14
,和,119,15
,元年,119,16
,6,119,17
,月,119,18
,12,119,19
,日,119,20
,),119,21
,PDF,119,22
,ダウンロード,119,23
アドウェイズ 、 ラクーンコマース 社 と 中国 越境 EC に関する 包括 業務 提携,アドウェイズ,120,0
,、,120,1
,ラクーンコマース,120,2
,社,120,3
,と,120,4
,中国,120,5
,越境,120,6
,EC,120,7
,に関する,120,8
,包括,120,9
,業務,120,10
,提携,120,11
＜ ソフトフロントジャパン ＞ NTS ホールディングス と ソフトフロントジャパン 、 自然 会話 AI プラットフォーム 「 commubo 」 に関する 業務 提携 で 基本 合意,＜,121,0
,ソフトフロントジャパン,121,1
,＞,121,2
,NTS,121,3
,ホールディングス,121,4
,と,121,5
,ソフトフロントジャパン,121,6
,、,121,7
,自然,121,8
,会話,121,9
,AI,121,10
,プラットフォーム,121,11
,「,121,12
,commubo,121,13
,」,121,14
,に関する,121,15
,業務,121,16
,提携,121,17
,で,121,18
,基本,121,19
,合意,121,20
デジタルデータソリューション 株式会社 と の 包括 的 業務 提携 に関する お知らせ ( PDF 形式 : 609 . 6 KB ),デジタルデータソリューション,122,0
,株式会社,122,1
,と,122,2
,の,122,3
,包括,122,4
,的,122,5
,業務,122,6
,提携,122,7
,に関する,122,8
,お知らせ,122,9
,(,122,10
,PDF,122,11
,形式,122,12
,:,122,13
,609,122,14
,.,122,15
,6,122,16
,KB,122,17
,),122,18
（ 経過 事項 ） 当社 連結 子会社 （ フーリンラージ 株式会社 ） による 事業 譲渡 契約 に関する お知らせ ( 0 . 3 MB ),（,123,0
,経過,123,1
,事項,123,2
,）,123,3
,当社,123,4
,連結,123,5
,子会社,123,6
,（,123,7
,フーリンラージ,123,8
,株式会社,123,9
,）,123,10
,による,123,11
,事業,123,12
,譲渡,123,13
,契約,123,14
,に関する,123,15
,お知らせ,123,16
,(,123,17
,0,123,18
,.,123,19
,3,123,20
,MB,123,21
,),123,22
TKP 、 大分 フットボール クラブ と 資本 業務 提携 を 締結 し 、 筆頭 株主 に ～ スポーツ を通じて 大分 県 の 地域 活性 化 を 支援 ～,TKP,124,0
,、,124,1
,大分,124,2
,フットボール,124,3
,クラブ,124,4
,と,124,5
,資本,124,6
,業務,124,7
,提携,124,8
,を,124,9
,締結,124,10
,し,124,11
,、,124,12
,筆頭,124,13
,株主,124,14
,に,124,15
,～,124,16
,スポーツ,124,17
,を通じて,124,18
,大分,124,19
,県,124,20
,の,124,21
,地域,124,22
,活性,124,23
,化,124,24
,を,124,25
,支援,124,26
,～,124,27
（ 開示 事項 の 中止 ） 株式会社 インベストオンライン の 株式 取得 （ 子会社 化 ） 中止 に関する お知らせ,（,125,0
,開示,125,1
,事項,125,2
,の,125,3
,中止,125,4
,）,125,5
,株式会社,125,6
,インベストオンライン,125,7
,の,125,8
,株式,125,9
,取得,125,10
,（,125,11
,子会社,125,12
,化,125,13
,）,125,14
,中止,125,15
,に関する,125,16
,お知らせ,125,17
株式会社 デュアル タップ と の 業務 提携 に関する お知らせ ～ 令 和 夫婦 の 新 生活 （ 住宅 購入 ・ 資産 形成 ） を サポート ～,株式会社,126,0
,デュアル,126,1
,タップ,126,2
,と,126,3
,の,126,4
,業務,126,5
,提携,126,6
,に関する,126,7
,お知らせ,126,8
,～,126,9
,令,126,10
,和,126,11
,夫婦,126,12
,の,126,13
,新,126,14
,生活,126,15
,（,126,16
,住宅,126,17
,購入,126,18
,・,126,19
,資産,126,20
,形成,126,21
,）,126,22
,を,126,23
,サポート,126,24
,～,126,25
当社 連結 子会社 による 株式会社 サンオー の 株式 取得 （ 孫 会社 化 ） 及び 株式 譲渡 契約 締結 に関する お知らせ,当社,127,0
,連結,127,1
,子会社,127,2
,による,127,3
,株式会社,127,4
,サンオー,127,5
,の,127,6
,株式,127,7
,取得,127,8
,（,127,9
,孫,127,10
,会社,127,11
,化,127,12
,）,127,13
,及び,127,14
,株式,127,15
,譲渡,127,16
,契約,127,17
,締結,127,18
,に関する,127,19
,お知らせ,127,20
スマート フォン 向け 広告 ソリューション を 手掛ける 「 株式会社 グッドクリエイト 」 と の 業務 ・ 資本 提携 に関する お知らせ ［ 794 KB ］,スマート,128,0
,フォン,128,1
,向け,128,2
,広告,128,3
,ソリューション,128,4
,を,128,5
,手掛ける,128,6
,「,128,7
,株式会社,128,8
,グッドクリエイト,128,9
,」,128,10
,と,128,11
,の,128,12
,業務,128,13
,・,128,14
,資本,128,15
,提携,128,16
,に関する,128,17
,お知らせ,128,18
,［,128,19
,794,128,20
,KB,128,21
,］,128,22
弁護士 ドット コム と LINE 、 オンライン 法律 事業 を 目的 と し た 業務 提携 を 締結 - LINE 上 で 弁護士 に 相談 できる 新 サービス を 2019 年 秋 に スタート -,弁護士,129,0
,ドット,129,1
,コム,129,2
,と,129,3
,LINE,129,4
,、,129,5
,オンライン,129,6
,法律,129,7
,事業,129,8
,を,129,9
,目的,129,10
,と,129,11
,し,129,12
,た,129,13
,業務,129,14
,提携,129,15
,を,129,16
,締結,129,17
,-,129,18
,LINE,129,19
,上,129,20
,で,129,21
,弁護士,129,22
,に,129,23
,相談,129,24
,できる,129,25
,新,129,26
,サービス,129,27
,を,129,28
,2019,129,29
,年,129,30
,秋,129,31
,に,129,32
,スタート,129,33
,-,129,34
『 保険 クリニック 』 が 「 TSUTAYA 」 と 業務 提携 の お知らせ,『,130,0
,保険,130,1
,クリニック,130,2
,』,130,3
,が,130,4
,「,130,5
,TSUTAYA,130,6
,」,130,7
,と,130,8
,業務,130,9
,提携,130,10
,の,130,11
,お知らせ,130,12
ウエスト ホールディングス と 商工組合中央金庫 が 業務 提携 ( pdf : 383 KB ),ウエスト,131,0
,ホールディングス,131,1
,と,131,2
,商工組合中央金庫,131,3
,が,131,4
,業務,131,5
,提携,131,6
,(,131,7
,pdf,131,8
,:,131,9
,383,131,10
,KB,131,11
,),131,12
（ 開示 事項 の 経過 ・ 変更 ） 子会社 の 異動 を 伴う 株式 譲渡 及び 子会社 の 一部 事業 譲渡 に かかる 契約 締結 に関する お知らせ （ PDF 約 124 KB ）,（,132,0
,開示,132,1
,事項,132,2
,の,132,3
,経過,132,4
,・,132,5
,変更,132,6
,）,132,7
,子会社,132,8
,の,132,9
,異動,132,10
,を,132,11
,伴う,132,12
,株式,132,13
,譲渡,132,14
,及び,132,15
,子会社,132,16
,の,132,17
,一部,132,18
,事業,132,19
,譲渡,132,20
,に,132,21
,かかる,132,22
,契約,132,23
,締結,132,24
,に関する,132,25
,お知らせ,132,26
,（,132,27
,PDF,132,28
,約,132,29
,124,132,30
,KB,132,31
,）,132,32
株式会社 AKIBA ホールディングス と の 業務 提携 に関する 基本 合意 について pdf,株式会社,133,0
,AKIBA,133,1
,ホールディングス,133,2
,と,133,3
,の,133,4
,業務,133,5
,提携,133,6
,に関する,133,7
,基本,133,8
,合意,133,9
,について,133,10
,pdf,133,11
ミナトホールディングス 株式会社 と の 業務 提携 に関する 基本 合意 書 締結 の お知らせ,ミナトホールディングス,134,0
,株式会社,134,1
,と,134,2
,の,134,3
,業務,134,4
,提携,134,5
,に関する,134,6
,基本,134,7
,合意,134,8
,書,134,9
,締結,134,10
,の,134,11
,お知らせ,134,12
2019 . 07 . 01 お知らせ エキサイト と 業務 提携 および メディア の 共同 開発 ・ 運営 開始 の お知らせ （ 176 KB ）,2019,135,0
,.,135,1
,07,135,2
,.,135,3
,01,135,4
,お知らせ,135,5
,エキサイト,135,6
,と,135,7
,業務,135,8
,提携,135,9
,および,135,10
,メディア,135,11
,の,135,12
,共同,135,13
,開発,135,14
,・,135,15
,運営,135,16
,開始,135,17
,の,135,18
,お知らせ,135,19
,（,135,20
,176,135,21
,KB,135,22
,）,135,23
株式会社 DRILL と の 業務 提携 に関する お知らせ ( 311 KB ),株式会社,136,0
,DRILL,136,1
,と,136,2
,の,136,3
,業務,136,4
,提携,136,5
,に関する,136,6
,お知らせ,136,7
,(,136,8
,311,136,9
,KB,136,10
,),136,11
【 イタンジ 】 イタンジ と スマサポ が 業務 提携 し 入居 前後 ...,【,137,0
,イタンジ,137,1
,】,137,2
,イタンジ,137,3
,と,137,4
,スマサポ,137,5
,が,137,6
,業務,137,7
,提携,137,8
,し,137,9
,入居,137,10
,前後,137,11
,...,137,12
（ 開示 事項 の 変更 ） 第三者 割当 による 新 株式 及び 新株 予約 権 の 発行 、 業務 ・ 資本 提携 契約 の 締結 並びに 主要 株主 、 主要 株主 で ある 筆頭 株主 及び その他 の 関係 会社 の 異動 に関する お知らせ （ 211 KB ）,（,138,0
,開示,138,1
,事項,138,2
,の,138,3
,変更,138,4
,）,138,5
,第三者,138,6
,割当,138,7
,による,138,8
,新,138,9
,株式,138,10
,及び,138,11
,新株,138,12
,予約,138,13
,権,138,14
,の,138,15
,発行,138,16
,、,138,17
,業務,138,18
,・,138,19
,資本,138,20
,提携,138,21
,契約,138,22
,の,138,23
,締結,138,24
,並びに,138,25
,主要,138,26
,株主,138,27
,、,138,28
,主要,138,29
,株主,138,30
,で,138,31
,ある,138,32
,筆頭,138,33
,株主,138,34
,及び,138,35
,その他,138,36
,の,138,37
,関係,138,38
,会社,138,39
,の,138,40
,異動,138,41
,に関する,138,42
,お知らせ,138,43
,（,138,44
,211,138,45
,KB,138,46
,）,138,47
and factory と 日本文芸社 が マンガアプリ 事業 における 業務 提携 契約 を 締結 ！,and,139,0
,factory,139,1
,と,139,2
,日本文芸社,139,3
,が,139,4
,マンガアプリ,139,5
,事業,139,6
,における,139,7
,業務,139,8
,提携,139,9
,契約,139,10
,を,139,11
,締結,139,12
,！,139,13
株式会社 ピースオブケイク と の 資本 業務 提携 に関する お知らせ,株式会社,140,0
,ピースオブケイク,140,1
,と,140,2
,の,140,3
,資本,140,4
,業務,140,5
,提携,140,6
,に関する,140,7
,お知らせ,140,8
ＭＮＣ 株式会社 の 株式 取得 （ 子会社 化 ） 完了 に関する お知らせ （ 開示 事項 の 経過 ）( 令 和 元年 7 月 12 日 ) PDF ダウンロード,ＭＮＣ,141,0
,株式会社,141,1
,の,141,2
,株式,141,3
,取得,141,4
,（,141,5
,子会社,141,6
,化,141,7
,）,141,8
,完了,141,9
,に関する,141,10
,お知らせ,141,11
,（,141,12
,開示,141,13
,事項,141,14
,の,141,15
,経過,141,16
,）(,141,17
,令,141,18
,和,141,19
,元年,141,20
,7,141,21
,月,141,22
,12,141,23
,日,141,24
,),141,25
,PDF,141,26
,ダウンロード,141,27
アイスタディ 社 と の 同社 製品 及び サービス の 販売 協力 に関する 業務 提携 に関する お知らせ,アイスタディ,142,0
,社,142,1
,と,142,2
,の,142,3
,同社,142,4
,製品,142,5
,及び,142,6
,サービス,142,7
,の,142,8
,販売,142,9
,協力,142,10
,に関する,142,11
,業務,142,12
,提携,142,13
,に関する,142,14
,お知らせ,142,15
（ 開示 事項 の 経過 ・ 変更 ） 子会社 の 異動 を 伴う 株式 譲渡 及び 子会社 の 一部 事業 譲渡 に かかる 契約 締結 に関する お知らせ （ PDF 約 130 KB ）,（,143,0
,開示,143,1
,事項,143,2
,の,143,3
,経過,143,4
,・,143,5
,変更,143,6
,）,143,7
,子会社,143,8
,の,143,9
,異動,143,10
,を,143,11
,伴う,143,12
,株式,143,13
,譲渡,143,14
,及び,143,15
,子会社,143,16
,の,143,17
,一部,143,18
,事業,143,19
,譲渡,143,20
,に,143,21
,かかる,143,22
,契約,143,23
,締結,143,24
,に関する,143,25
,お知らせ,143,26
,（,143,27
,PDF,143,28
,約,143,29
,130,143,30
,KB,143,31
,）,143,32
株式会社 アエリア と の 業務 提携 について の お知らせ,株式会社,144,0
,アエリア,144,1
,と,144,2
,の,144,3
,業務,144,4
,提携,144,5
,について,144,6
,の,144,7
,お知らせ,144,8
簡易 株式 交換 による 組織 再編 と 資本 業務 提携 に関する ご 説明 資料,簡易,145,0
,株式,145,1
,交換,145,2
,による,145,3
,組織,145,4
,再編,145,5
,と,145,6
,資本,145,7
,業務,145,8
,提携,145,9
,に関する,145,10
,ご,145,11
,説明,145,12
,資料,145,13
“ 最速 ＆ 最適 ” の 顧客 エンゲージメント 実現 に 向け シルバー エッグ ・ テクノロジー と Repro が 業務 提携,“,146,0
,最速,146,1
,＆,146,2
,最適,146,3
,”,146,4
,の,146,5
,顧客,146,6
,エンゲージメント,146,7
,実現,146,8
,に,146,9
,向け,146,10
,シルバー,146,11
,エッグ,146,12
,・,146,13
,テクノロジー,146,14
,と,146,15
,Repro,146,16
,が,146,17
,業務,146,18
,提携,146,19
“ 不動産 × テクノロジー ” WealthPark と 業務 提携,“,147,0
,不動産,147,1
,×,147,2
,テクノロジー,147,3
,”,147,4
,WealthPark,147,5
,と,147,6
,業務,147,7
,提携,147,8
インドネシア 国立 教育 大学 と 業務 提携 契約 を 締結,インドネシア,148,0
,国立,148,1
,教育,148,2
,大学,148,3
,と,148,4
,業務,148,5
,提携,148,6
,契約,148,7
,を,148,8
,締結,148,9
NNA ASIA ( アジア 経済 ニュース ) に も インドネシア 国立 教育 大学 と の 業務 提携 契約 締結 について 掲載 さ れ まし た 。,NNA,149,0
,ASIA,149,1
,(,149,2
,アジア,149,3
,経済,149,4
,ニュース,149,5
,),149,6
,に,149,7
,も,149,8
,インドネシア,149,9
,国立,149,10
,教育,149,11
,大学,149,12
,と,149,13
,の,149,14
,業務,149,15
,提携,149,16
,契約,149,17
,締結,149,18
,について,149,19
,掲載,149,20
,さ,149,21
,れ,149,22
,まし,149,23
,た,149,24
,。,149,25
ASEAN 経済 通信 に も インドネシア 国立 教育 大学 と の 業務 提携 契約 締結 について 掲載 さ れ まし た 。,ASEAN,150,0
,経済,150,1
,通信,150,2
,に,150,3
,も,150,4
,インドネシア,150,5
,国立,150,6
,教育,150,7
,大学,150,8
,と,150,9
,の,150,10
,業務,150,11
,提携,150,12
,契約,150,13
,締結,150,14
,について,150,15
,掲載,150,16
,さ,150,17
,れ,150,18
,まし,150,19
,た,150,20
,。,150,21
インドネシア 国立 教育 大学 と の 業務 提携 契約 締結 について 、 じゃ かるた 新聞 に 掲載 さ れ まし た 。,インドネシア,151,0
,国立,151,1
,教育,151,2
,大学,151,3
,と,151,4
,の,151,5
,業務,151,6
,提携,151,7
,契約,151,8
,締結,151,9
,について,151,10
,、,151,11
,じゃ,151,12
,かるた,151,13
,新聞,151,14
,に,151,15
,掲載,151,16
,さ,151,17
,れ,151,18
,まし,151,19
,た,151,20
,。,151,21
住 商 特殊 鋼 株式会社 の 株式 取得 の 完了 及び 商号 変更 に関する お知らせ PDF （ 207 KB ）,住,152,0
,商,152,1
,特殊,152,2
,鋼,152,3
,株式会社,152,4
,の,152,5
,株式,152,6
,取得,152,7
,の,152,8
,完了,152,9
,及び,152,10
,商号,152,11
,変更,152,12
,に関する,152,13
,お知らせ,152,14
,PDF,152,15
,（,152,16
,207,152,17
,KB,152,18
,）,152,19
RPA テクノロジーズ 「 BizRobo !」 × AI inside 「 DX Suite 」 RPA×AI - OCR 分野 で 業務 提携 ～ 高 精度 な 文字 認識 技術 を 取り入れ 、 RPA の 更 なる 高度 化 へ ～,RPA,153,0
,テクノロジーズ,153,1
,「,153,2
,BizRobo,153,3
,!」,153,4
,×,153,5
,AI,153,6
,inside,153,7
,「,153,8
,DX,153,9
,Suite,153,10
,」,153,11
,RPA×AI,153,12
,-,153,13
,OCR,153,14
,分野,153,15
,で,153,16
,業務,153,17
,提携,153,18
,～,153,19
,高,153,20
,精度,153,21
,な,153,22
,文字,153,23
,認識,153,24
,技術,153,25
,を,153,26
,取り入れ,153,27
,、,153,28
,RPA,153,29
,の,153,30
,更,153,31
,なる,153,32
,高度,153,33
,化,153,34
,へ,153,35
,～,153,36
SOICO 社 と の タイムカプセルストックオプションサービス R 提供 に関する 業務 提携 の お知らせ,SOICO,154,0
,社,154,1
,と,154,2
,の,154,3
,タイムカプセルストックオプションサービス,154,4
,R,154,5
,提供,154,6
,に関する,154,7
,業務,154,8
,提携,154,9
,の,154,10
,お知らせ,154,11
分散 型 キャッシュ バック サービス “ COINCOME ” を 提供 する Makers Farm 社 と の 資本 業務 提携 ～ 日本 、 シンガポール で の 事業 展開 を 加速 ～,分散,155,0
,型,155,1
,キャッシュ,155,2
,バック,155,3
,サービス,155,4
,“,155,5
,COINCOME,155,6
,”,155,7
,を,155,8
,提供,155,9
,する,155,10
,Makers,155,11
,Farm,155,12
,社,155,13
,と,155,14
,の,155,15
,資本,155,16
,業務,155,17
,提携,155,18
,～,155,19
,日本,155,20
,、,155,21
,シンガポール,155,22
,で,155,23
,の,155,24
,事業,155,25
,展開,155,26
,を,155,27
,加速,155,28
,～,155,29
分散 型 キャッシュ バック サービス “ ＣＯＩＮＣＯＭＥ ” を 提供 する Ｍａｋｅｒｓ Ｆａｒｍ 社 と の 資本 業務 提携,分散,156,0
,型,156,1
,キャッシュ,156,2
,バック,156,3
,サービス,156,4
,“,156,5
,ＣＯＩＮＣＯＭＥ,156,6
,”,156,7
,を,156,8
,提供,156,9
,する,156,10
,Ｍａｋｅｒｓ,156,11
,Ｆａｒｍ,156,12
,社,156,13
,と,156,14
,の,156,15
,資本,156,16
,業務,156,17
,提携,156,18
RPA ホールディングス グループ 、 ネオ キャリア と 業務 提携 人事 担当 者 の 単純 作業 を ロボット 代行 により 業務 効率 化 を さらに 加速,RPA,157,0
,ホールディングス,157,1
,グループ,157,2
,、,157,3
,ネオ,157,4
,キャリア,157,5
,と,157,6
,業務,157,7
,提携,157,8
,人事,157,9
,担当,157,10
,者,157,11
,の,157,12
,単純,157,13
,作業,157,14
,を,157,15
,ロボット,157,16
,代行,157,17
,により,157,18
,業務,157,19
,効率,157,20
,化,157,21
,を,157,22
,さらに,157,23
,加速,157,24
Kudan と シーオス が 倉庫 の 完全 自動 化 ・ 無人 化 ソリューション の 共同 開発 に 向け て 業務 資本 提携 契約 を 締結,Kudan,158,0
,と,158,1
,シーオス,158,2
,が,158,3
,倉庫,158,4
,の,158,5
,完全,158,6
,自動,158,7
,化,158,8
,・,158,9
,無人,158,10
,化,158,11
,ソリューション,158,12
,の,158,13
,共同,158,14
,開発,158,15
,に,158,16
,向け,158,17
,て,158,18
,業務,158,19
,資本,158,20
,提携,158,21
,契約,158,22
,を,158,23
,締結,158,24
"Zoom North America , LLC （ 持分 法 適用 関連 会社 ） の 子会社 化 に関する 基本 合意 書 締結 に関する お知らせ",Zoom,159,0
,North,159,1
,America,159,2
,",",159,3
,LLC,159,4
,（,159,5
,持分,159,6
,法,159,7
,適用,159,8
,関連,159,9
,会社,159,10
,）,159,11
,の,159,12
,子会社,159,13
,化,159,14
,に関する,159,15
,基本,159,16
,合意,159,17
,書,159,18
,締結,159,19
,に関する,159,20
,お知らせ,159,21
ロボット スタート 社 と の 資本 業務 提携 に関する 基本 合意 の お知らせ ～ AI / IoT を 活用 し た ボイスユーザーインターフェース 市場 に 向け て ～,ロボット,160,0
,スタート,160,1
,社,160,2
,と,160,3
,の,160,4
,資本,160,5
,業務,160,6
,提携,160,7
,に関する,160,8
,基本,160,9
,合意,160,10
,の,160,11
,お知らせ,160,12
,～,160,13
,AI,160,14
,/,160,15
,IoT,160,16
,を,160,17
,活用,160,18
,し,160,19
,た,160,20
,ボイスユーザーインターフェース,160,21
,市場,160,22
,に,160,23
,向け,160,24
,て,160,25
,～,160,26
【 適時 開示 】 資本 業務 提携 及び 第三者 割当 による 自己 株式 の 処分 に関する お知らせ,【,161,0
,適時,161,1
,開示,161,2
,】,161,3
,資本,161,4
,業務,161,5
,提携,161,6
,及び,161,7
,第三者,161,8
,割当,161,9
,による,161,10
,自己,161,11
,株式,161,12
,の,161,13
,処分,161,14
,に関する,161,15
,お知らせ,161,16
株式会社 UDN SPORTS と 業務 提携,株式会社,162,0
,UDN,162,1
,SPORTS,162,2
,と,162,3
,業務,162,4
,提携,162,5
2019 / 8 / 14 リリース ふくろう 少額 短期 保険 株式会社 の 株式 の 取得 （ 完全 子会社 化 ） に関する お知らせ pdf,2019,163,0
,/,163,1
,8,163,2
,/,163,3
,14,163,4
,リリース,163,5
,ふくろう,163,6
,少額,163,7
,短期,163,8
,保険,163,9
,株式会社,163,10
,の,163,11
,株式,163,12
,の,163,13
,取得,163,14
,（,163,15
,完全,163,16
,子会社,163,17
,化,163,18
,）,163,19
,に関する,163,20
,お知らせ,163,21
,pdf,163,22
2019 / 8 / 14 リリース ふくろう 少額 短期 保険 株式会社 の 株式 の 取得 （ 完全 子会社 化 ） に関する お知らせ pdf,2019,164,0
,/,164,1
,8,164,2
,/,164,3
,14,164,4
,リリース,164,5
,ふくろう,164,6
,少額,164,7
,短期,164,8
,保険,164,9
,株式会社,164,10
,の,164,11
,株式,164,12
,の,164,13
,取得,164,14
,（,164,15
,完全,164,16
,子会社,164,17
,化,164,18
,）,164,19
,に関する,164,20
,お知らせ,164,21
,pdf,164,22
2019 . 08 . 14 クリンクラウド 株式会社 と の 資本 業務 提携 に関する お知らせ,2019,165,0
,.,165,1
,08,165,2
,.,165,3
,14,165,4
,クリンクラウド,165,5
,株式会社,165,6
,と,165,7
,の,165,8
,資本,165,9
,業務,165,10
,提携,165,11
,に関する,165,12
,お知らせ,165,13
子会社 における 業務 提携 に関する お知らせ ( 令 和 元年 8 月 16 日 ) PDF ダウンロード,子会社,166,0
,における,166,1
,業務,166,2
,提携,166,3
,に関する,166,4
,お知らせ,166,5
,(,166,6
,令,166,7
,和,166,8
,元年,166,9
,8,166,10
,月,166,11
,16,166,12
,日,166,13
,),166,14
,PDF,166,15
,ダウンロード,166,16
相続 税 専門 の 税理士 法人 チェスター・ 不動産 コンサルティング 事業 の チェスター と 業務 提携 ～ 拡大 する 相続 市場 で 、 より 多く の 方々 に 良質 な 投資 用 不動産 を 提供 ～ PDF,相続,167,0
,税,167,1
,専門,167,2
,の,167,3
,税理士,167,4
,法人,167,5
,チェスター・,167,6
,不動産,167,7
,コンサルティング,167,8
,事業,167,9
,の,167,10
,チェスター,167,11
,と,167,12
,業務,167,13
,提携,167,14
,～,167,15
,拡大,167,16
,する,167,17
,相続,167,18
,市場,167,19
,で,167,20
,、,167,21
,より,167,22
,多く,167,23
,の,167,24
,方々,167,25
,に,167,26
,良質,167,27
,な,167,28
,投資,167,29
,用,167,30
,不動産,167,31
,を,167,32
,提供,167,33
,～,167,34
,PDF,167,35
インドネシア の サイト 「 Infobdg . com 」 に 、 インドネシア 国立 教育 大学 と の 業務 提携 契約 締結 について 掲載 さ れ まし た 。 ※ 記事 は インドネシア 語 です 。 ※,インドネシア,168,0
,の,168,1
,サイト,168,2
,「,168,3
,Infobdg,168,4
,.,168,5
,com,168,6
,」,168,7
,に,168,8
,、,168,9
,インドネシア,168,10
,国立,168,11
,教育,168,12
,大学,168,13
,と,168,14
,の,168,15
,業務,168,16
,提携,168,17
,契約,168,18
,締結,168,19
,について,168,20
,掲載,168,21
,さ,168,22
,れ,168,23
,まし,168,24
,た,168,25
,。,168,26
,※,168,27
,記事,168,28
,は,168,29
,インドネシア,168,30
,語,168,31
,です,168,32
,。,168,33
,※,168,34
相続 税 専門 の 税理士 法人 チェスター・ 不動産 コンサルティング 事業 の チェスター と 業務 提携 ～ 拡大 する 相続 市場 で 、 より 多く の 方々 に 良質 な 投資 用 不動産 を 提供 ～,相続,169,0
,税,169,1
,専門,169,2
,の,169,3
,税理士,169,4
,法人,169,5
,チェスター・,169,6
,不動産,169,7
,コンサルティング,169,8
,事業,169,9
,の,169,10
,チェスター,169,11
,と,169,12
,業務,169,13
,提携,169,14
,～,169,15
,拡大,169,16
,する,169,17
,相続,169,18
,市場,169,19
,で,169,20
,、,169,21
,より,169,22
,多く,169,23
,の,169,24
,方々,169,25
,に,169,26
,良質,169,27
,な,169,28
,投資,169,29
,用,169,30
,不動産,169,31
,を,169,32
,提供,169,33
,～,169,34
東急 住宅 リース と の 業務 提携 に関する お知らせ,東急,170,0
,住宅,170,1
,リース,170,2
,と,170,3
,の,170,4
,業務,170,5
,提携,170,6
,に関する,170,7
,お知らせ,170,8
東急 住宅 リース と の 業務 提携 に関する お知らせ （ 115 KB ）,東急,171,0
,住宅,171,1
,リース,171,2
,と,171,3
,の,171,4
,業務,171,5
,提携,171,6
,に関する,171,7
,お知らせ,171,8
,（,171,9
,115,171,10
,KB,171,11
,）,171,12
当社 は 、 サステナブル・ブランド コミュニティ 活動 を 推進 する 株式会社 博 展 と 業務 提携 を 締結 。 両 社協 働 で 、 サステナビリティ 経営 に関する アドバイザリーサービス 『 SB Japan Lab 』 を 開始 。 （ PDF ： 214 . 0 KB ）,当社,172,0
,は,172,1
,、,172,2
,サステナブル・ブランド,172,3
,コミュニティ,172,4
,活動,172,5
,を,172,6
,推進,172,7
,する,172,8
,株式会社,172,9
,博,172,10
,展,172,11
,と,172,12
,業務,172,13
,提携,172,14
,を,172,15
,締結,172,16
,。,172,17
,両,172,18
,社協,172,19
,働,172,20
,で,172,21
,、,172,22
,サステナビリティ,172,23
,経営,172,24
,に関する,172,25
,アドバイザリーサービス,172,26
,『,172,27
,SB,172,28
,Japan,172,29
,Lab,172,30
,』,172,31
,を,172,32
,開始,172,33
,。,172,34
,（,172,35
,PDF,172,36
,：,172,37
,214,172,38
,.,172,39
,0,172,40
,KB,172,41
,）,172,42
J MaaS が 野村 総合 研究所 と 資本 業務 提携 に 向け た 基本 契約 を 締結,J,173,0
,MaaS,173,1
,が,173,2
,野村,173,3
,総合,173,4
,研究所,173,5
,と,173,6
,資本,173,7
,業務,173,8
,提携,173,9
,に,173,10
,向け,173,11
,た,173,12
,基本,173,13
,契約,173,14
,を,173,15
,締結,173,16
資本 業務 提携 及び 第三者 割当 による 自己 株式 の 処分 に関する お知らせ,資本,174,0
,業務,174,1
,提携,174,2
,及び,174,3
,第三者,174,4
,割当,174,5
,による,174,6
,自己,174,7
,株式,174,8
,の,174,9
,処分,174,10
,に関する,174,11
,お知らせ,174,12
株式会社 GINKAN と の 資本 業務 提携 に関する お知らせ,株式会社,175,0
,GINKAN,175,1
,と,175,2
,の,175,3
,資本,175,4
,業務,175,5
,提携,175,6
,に関する,175,7
,お知らせ,175,8
当社 は 、 サステナブル・ブランド コミュニティ 活動 を 推進 する 株式会社 博 展 と 業務 提携 を 締結 。 両 社協 働 で 、 サステナビリティ 経営 に関する アドバイザリーサービス 『 SB Japan Lab 』 を 開始 。 （ PDF ： 208 . 4 KB ）,当社,176,0
,は,176,1
,、,176,2
,サステナブル・ブランド,176,3
,コミュニティ,176,4
,活動,176,5
,を,176,6
,推進,176,7
,する,176,8
,株式会社,176,9
,博,176,10
,展,176,11
,と,176,12
,業務,176,13
,提携,176,14
,を,176,15
,締結,176,16
,。,176,17
,両,176,18
,社協,176,19
,働,176,20
,で,176,21
,、,176,22
,サステナビリティ,176,23
,経営,176,24
,に関する,176,25
,アドバイザリーサービス,176,26
,『,176,27
,SB,176,28
,Japan,176,29
,Lab,176,30
,』,176,31
,を,176,32
,開始,176,33
,。,176,34
,（,176,35
,PDF,176,36
,：,176,37
,208,176,38
,.,176,39
,4,176,40
,KB,176,41
,）,176,42
当社 連結 子会社 の 業務 提携 の 解消 に関する お知らせ,当社,177,0
,連結,177,1
,子会社,177,2
,の,177,3
,業務,177,4
,提携,177,5
,の,177,6
,解消,177,7
,に関する,177,8
,お知らせ,177,9
広東 省 紡織 品 進出 口 有限 公司 と の 業務 提携 に関する お知らせ,広東,178,0
,省,178,1
,紡織,178,2
,品,178,3
,進出,178,4
,口,178,5
,有限,178,6
,公司,178,7
,と,178,8
,の,178,9
,業務,178,10
,提携,178,11
,に関する,178,12
,お知らせ,178,13
ＲＰＡ 事業 の 合弁 会社 「 株式会社 Re - Tech RaaS ( リテックラース )」 株式会社 ダンゴ ネット と の 業務 提携 に関する お知らせ,ＲＰＡ,179,0
,事業,179,1
,の,179,2
,合弁,179,3
,会社,179,4
,「,179,5
,株式会社,179,6
,Re,179,7
,-,179,8
,Tech,179,9
,RaaS,179,10
,(,179,11
,リテックラース,179,12
,)」,179,13
,株式会社,179,14
,ダンゴ,179,15
,ネット,179,16
,と,179,17
,の,179,18
,業務,179,19
,提携,179,20
,に関する,179,21
,お知らせ,179,22
中国人 留学生 向け 大手 賃貸 事業 者 「 Uhomes 」 と の 業務 提携 に関する お知らせ,中国人,180,0
,留学生,180,1
,向け,180,2
,大手,180,3
,賃貸,180,4
,事業,180,5
,者,180,6
,「,180,7
,Uhomes,180,8
,」,180,9
,と,180,10
,の,180,11
,業務,180,12
,提携,180,13
,に関する,180,14
,お知らせ,180,15
RPA ホールディングス 株式会社 と ラクラス 株式会社 知識 労働 の 生産 性 向上 を 目的 と し た 業務 提携 の お知らせ,RPA,181,0
,ホールディングス,181,1
,株式会社,181,2
,と,181,3
,ラクラス,181,4
,株式会社,181,5
,知識,181,6
,労働,181,7
,の,181,8
,生産,181,9
,性,181,10
,向上,181,11
,を,181,12
,目的,181,13
,と,181,14
,し,181,15
,た,181,16
,業務,181,17
,提携,181,18
,の,181,19
,お知らせ,181,20
オールアバウト と PR TIMES が 業務 提携 契約 を 締結 ～ All About ガイド 900 人 へ の リリース 配信 と 、 商品 ・ サービス の 試用 機会 を 提供 し 、 専門 家 コメント を 収集 する 「 ガイド PR 」 の 利用 を 共同 で 推進 ～,オールアバウト,182,0
,と,182,1
,PR,182,2
,TIMES,182,3
,が,182,4
,業務,182,5
,提携,182,6
,契約,182,7
,を,182,8
,締結,182,9
,～,182,10
,All,182,11
,About,182,12
,ガイド,182,13
,900,182,14
,人,182,15
,へ,182,16
,の,182,17
,リリース,182,18
,配信,182,19
,と,182,20
,、,182,21
,商品,182,22
,・,182,23
,サービス,182,24
,の,182,25
,試用,182,26
,機会,182,27
,を,182,28
,提供,182,29
,し,182,30
,、,182,31
,専門,182,32
,家,182,33
,コメント,182,34
,を,182,35
,収集,182,36
,する,182,37
,「,182,38
,ガイド,182,39
,PR,182,40
,」,182,41
,の,182,42
,利用,182,43
,を,182,44
,共同,182,45
,で,182,46
,推進,182,47
,～,182,48
株式会社 リサーチアンドソリューション 株式会社 NAL JAPAN と 業務 提携 システム 開発 を 目的 と し た ビジネス パートナー 契約 を 締結 し まし た,株式会社,183,0
,リサーチアンドソリューション,183,1
,株式会社,183,2
,NAL,183,3
,JAPAN,183,4
,と,183,5
,業務,183,6
,提携,183,7
,システム,183,8
,開発,183,9
,を,183,10
,目的,183,11
,と,183,12
,し,183,13
,た,183,14
,ビジネス,183,15
,パートナー,183,16
,契約,183,17
,を,183,18
,締結,183,19
,し,183,20
,まし,183,21
,た,183,22
LINKS FIELD NETWORKS LTD . と の 業務 提携 に関する 基本 合意 書 締結 の お知らせ,LINKS,184,0
,FIELD,184,1
,NETWORKS,184,2
,LTD,184,3
,.,184,4
,と,184,5
,の,184,6
,業務,184,7
,提携,184,8
,に関する,184,9
,基本,184,10
,合意,184,11
,書,184,12
,締結,184,13
,の,184,14
,お知らせ,184,15
Z 会 グループ と 資本 業務 提携 、 AI を 活用 し た スピーキング 自動 採点 の 共同 研究 を 開始,Z,185,0
,会,185,1
,グループ,185,2
,と,185,3
,資本,185,4
,業務,185,5
,提携,185,6
,、,185,7
,AI,185,8
,を,185,9
,活用,185,10
,し,185,11
,た,185,12
,スピーキング,185,13
,自動,185,14
,採点,185,15
,の,185,16
,共同,185,17
,研究,185,18
,を,185,19
,開始,185,20
上海 拜力 生物 科技 有限 会社 と の 中国 における 販売 業務 提携 の お知らせ,上海,186,0
,拜力,186,1
,生物,186,2
,科技,186,3
,有限,186,4
,会社,186,5
,と,186,6
,の,186,7
,中国,186,8
,における,186,9
,販売,186,10
,業務,186,11
,提携,186,12
,の,186,13
,お知らせ,186,14
NHN JAPAN 株式会社 と の 業務 提携 及び EC プラットフォーム 事業 の 進捗 に関する お知らせ,NHN,187,0
,JAPAN,187,1
,株式会社,187,2
,と,187,3
,の,187,4
,業務,187,5
,提携,187,6
,及び,187,7
,EC,187,8
,プラットフォーム,187,9
,事業,187,10
,の,187,11
,進捗,187,12
,に関する,187,13
,お知らせ,187,14
資本 提携 契約 の 締結 、 第三者 割当 による 新株 式 の 発行 並びに 主要 株主 で ある 筆頭 株主 の 異動 に関する お知らせ,資本,188,0
,提携,188,1
,契約,188,2
,の,188,3
,締結,188,4
,、,188,5
,第三者,188,6
,割当,188,7
,による,188,8
,新株,188,9
,式,188,10
,の,188,11
,発行,188,12
,並びに,188,13
,主要,188,14
,株主,188,15
,で,188,16
,ある,188,17
,筆頭,188,18
,株主,188,19
,の,188,20
,異動,188,21
,に関する,188,22
,お知らせ,188,23
【 ニュース 】 株式会社 Integral Geometry Science と の 業務 ・ 資本 提携 に関する お知らせ 〜 乳がん 検診 を 革新 する 世界 初 の 画像 化 技術 と 革新 的 サイバニクス 技術 の コラボ 〜,【,189,0
,ニュース,189,1
,】,189,2
,株式会社,189,3
,Integral,189,4
,Geometry,189,5
,Science,189,6
,と,189,7
,の,189,8
,業務,189,9
,・,189,10
,資本,189,11
,提携,189,12
,に関する,189,13
,お知らせ,189,14
,〜,189,15
,乳がん,189,16
,検診,189,17
,を,189,18
,革新,189,19
,する,189,20
,世界,189,21
,初,189,22
,の,189,23
,画像,189,24
,化,189,25
,技術,189,26
,と,189,27
,革新,189,28
,的,189,29
,サイバニクス,189,30
,技術,189,31
,の,189,32
,コラボ,189,33
,〜,189,34
米国 Ephesoft と の 資本 業務 提携 に関する お知らせ,米国,190,0
,Ephesoft,190,1
,と,190,2
,の,190,3
,資本,190,4
,業務,190,5
,提携,190,6
,に関する,190,7
,お知らせ,190,8
ソリッドインテリジェンス と トランスコスモス・アナリティクス が 資本 業務 提携,ソリッドインテリジェンス,191,0
,と,191,1
,トランスコスモス・アナリティクス,191,2
,が,191,3
,資本,191,4
,業務,191,5
,提携,191,6
"RPA ホールディングス グループ 、 株式会社 ラクス と 業務 提携 累計 4 , 500 社 以上 導入 の 実績 を 持つ 経費 精算 システム 「 楽楽 精算 」 向け 、 RPA サービス の 開発 ・ 連携 を 開始",RPA,192,0
,ホールディングス,192,1
,グループ,192,2
,、,192,3
,株式会社,192,4
,ラクス,192,5
,と,192,6
,業務,192,7
,提携,192,8
,累計,192,9
,4,192,10
,",",192,11
,500,192,12
,社,192,13
,以上,192,14
,導入,192,15
,の,192,16
,実績,192,17
,を,192,18
,持つ,192,19
,経費,192,20
,精算,192,21
,システム,192,22
,「,192,23
,楽楽,192,24
,精算,192,25
,」,192,26
,向け,192,27
,、,192,28
,RPA,192,29
,サービス,192,30
,の,192,31
,開発,192,32
,・,192,33
,連携,192,34
,を,192,35
,開始,192,36
オールアバウトライフワークス と 産業経済新聞社 が 生涯 学習 分野 における 包括 的 な 業務 提携 契約 を 締結 ～ 共同 で クラフト ・ ハンド メイド 講座 を 開催 し 生涯 学習 を 普及 推進 する ほか 、 将来 的 に 地方 創 生 と インバウンド の 活性 化 を 目指す ～,オールアバウトライフワークス,193,0
,と,193,1
,産業経済新聞社,193,2
,が,193,3
,生涯,193,4
,学習,193,5
,分野,193,6
,における,193,7
,包括,193,8
,的,193,9
,な,193,10
,業務,193,11
,提携,193,12
,契約,193,13
,を,193,14
,締結,193,15
,～,193,16
,共同,193,17
,で,193,18
,クラフト,193,19
,・,193,20
,ハンド,193,21
,メイド,193,22
,講座,193,23
,を,193,24
,開催,193,25
,し,193,26
,生涯,193,27
,学習,193,28
,を,193,29
,普及,193,30
,推進,193,31
,する,193,32
,ほか,193,33
,、,193,34
,将来,193,35
,的,193,36
,に,193,37
,地方,193,38
,創,193,39
,生,193,40
,と,193,41
,インバウンド,193,42
,の,193,43
,活性,193,44
,化,193,45
,を,193,46
,目指す,193,47
,～,193,48
子会社 株式 の 譲渡 に関する 株式 譲渡 契約 の 締結 及び 特別 利益 の 発生 並びに 2020 年 ３月 期 第 ２ 四半期 及び 通期 連結 業績 予想 の 修正 に関する お知らせ,子会社,194,0
,株式,194,1
,の,194,2
,譲渡,194,3
,に関する,194,4
,株式,194,5
,譲渡,194,6
,契約,194,7
,の,194,8
,締結,194,9
,及び,194,10
,特別,194,11
,利益,194,12
,の,194,13
,発生,194,14
,並びに,194,15
,2020,194,16
,年,194,17
,３月,194,18
,期,194,19
,第,194,20
,２,194,21
,四半期,194,22
,及び,194,23
,通期,194,24
,連結,194,25
,業績,194,26
,予想,194,27
,の,194,28
,修正,194,29
,に関する,194,30
,お知らせ,194,31
"中小 企業 3 , 200 社 の 支援 実績 が ある ブランディングテクノロジー 株式会社 と の 業務 提携 について",中小,195,0
,企業,195,1
,3,195,2
,",",195,3
,200,195,4
,社,195,5
,の,195,6
,支援,195,7
,実績,195,8
,が,195,9
,ある,195,10
,ブランディングテクノロジー,195,11
,株式会社,195,12
,と,195,13
,の,195,14
,業務,195,15
,提携,195,16
,について,195,17
ブランディングテクノロジー 、 組織 マネジメント の 識学 と 業務 提携,ブランディングテクノロジー,196,0
,、,196,1
,組織,196,2
,マネジメント,196,3
,の,196,4
,識学,196,5
,と,196,6
,業務,196,7
,提携,196,8
ビー・アイ・ジー・キャピタル 株式会社 及び 株式会社 日本 保証 と の 業務 提携 に関する お知らせ,ビー・アイ・ジー・キャピタル,197,0
,株式会社,197,1
,及び,197,2
,株式会社,197,3
,日本,197,4
,保証,197,5
,と,197,6
,の,197,7
,業務,197,8
,提携,197,9
,に関する,197,10
,お知らせ,197,11
株式会社 福邦銀行 と の 業務 提携 の お知らせ,株式会社,198,0
,福邦銀行,198,1
,と,198,2
,の,198,3
,業務,198,4
,提携,198,5
,の,198,6
,お知らせ,198,7
お知らせ 日本 システム 技術 株式会社 と の 資本 業務 提携 に関する お知らせ,お知らせ,199,0
,日本,199,1
,システム,199,2
,技術,199,3
,株式会社,199,4
,と,199,5
,の,199,6
,資本,199,7
,業務,199,8
,提携,199,9
,に関する,199,10
,お知らせ,199,11
ブランディングテクノロジー 、 福邦銀行 と 業務 提携,ブランディングテクノロジー,200,0
,、,200,1
,福邦銀行,200,2
,と,200,3
,業務,200,4
,提携,200,5
CJ ヘルスケア 株式会社 と の 戦略 的 提携 の 拡大 に関する お知らせ PDF （ 187 KB ）,CJ,201,0
,ヘルスケア,201,1
,株式会社,201,2
,と,201,3
,の,201,4
,戦略,201,5
,的,201,6
,提携,201,7
,の,201,8
,拡大,201,9
,に関する,201,10
,お知らせ,201,11
,PDF,201,12
,（,201,13
,187,201,14
,KB,201,15
,）,201,16
プレス リリース フィッツプラス 、 スギ 薬局 と 業務 提携 し 、 「 店舗 型 」 の 特定 保健 指導 サービス を 共同 展開,プレス,202,0
,リリース,202,1
,フィッツプラス,202,2
,、,202,3
,スギ,202,4
,薬局,202,5
,と,202,6
,業務,202,7
,提携,202,8
,し,202,9
,、,202,10
,「,202,11
,店舗,202,12
,型,202,13
,」,202,14
,の,202,15
,特定,202,16
,保健,202,17
,指導,202,18
,サービス,202,19
,を,202,20
,共同,202,21
,展開,202,22
株式会社 ＮＳＤ と の 資本 業務 提携 の 基本 合意 に関する お知らせ （ 244 KB ）,株式会社,203,0
,ＮＳＤ,203,1
,と,203,2
,の,203,3
,資本,203,4
,業務,203,5
,提携,203,6
,の,203,7
,基本,203,8
,合意,203,9
,に関する,203,10
,お知らせ,203,11
,（,203,12
,244,203,13
,KB,203,14
,）,203,15
資本 業務 提携 先 で ある デジタル グリッド 株式会社 の 資金 調達 状況 に関する お知らせ,資本,204,0
,業務,204,1
,提携,204,2
,先,204,3
,で,204,4
,ある,204,5
,デジタル,204,6
,グリッド,204,7
,株式会社,204,8
,の,204,9
,資金,204,10
,調達,204,11
,状況,204,12
,に関する,204,13
,お知らせ,204,14
SBI マネー プラザ 株式会社 と 業務 提携 ～ より 多く の 方々 に 良質 な 投資 用 不動産 を 提供 ～,SBI,205,0
,マネー,205,1
,プラザ,205,2
,株式会社,205,3
,と,205,4
,業務,205,5
,提携,205,6
,～,205,7
,より,205,8
,多く,205,9
,の,205,10
,方々,205,11
,に,205,12
,良質,205,13
,な,205,14
,投資,205,15
,用,205,16
,不動産,205,17
,を,205,18
,提供,205,19
,～,205,20
株式会社 シノプス と の 業務 提携 開始 について,株式会社,206,0
,シノプス,206,1
,と,206,2
,の,206,3
,業務,206,4
,提携,206,5
,開始,206,6
,について,206,7
塩野義製薬 株式会社 と の 資本 業務 提携 に 係る 第 ４ 回 開発 マイル ストーン 達成 確認 に関する お知らせ,塩野義製薬,207,0
,株式会社,207,1
,と,207,2
,の,207,3
,資本,207,4
,業務,207,5
,提携,207,6
,に,207,7
,係る,207,8
,第,207,9
,４,207,10
,回,207,11
,開発,207,12
,マイル,207,13
,ストーン,207,14
,達成,207,15
,確認,207,16
,に関する,207,17
,お知らせ,207,18
農業 総合 研究所 と マーケット エンタープライズ が 農業 生産 者 支援 の ため の 業務 提携 を 締結,農業,208,0
,総合,208,1
,研究所,208,2
,と,208,3
,マーケット,208,4
,エンタープライズ,208,5
,が,208,6
,農業,208,7
,生産,208,8
,者,208,9
,支援,208,10
,の,208,11
,ため,208,12
,の,208,13
,業務,208,14
,提携,208,15
,を,208,16
,締結,208,17
RPA ホールディングス と CAMI & Co . RPA×IoT 分野 で 資本 業務 提携 ～「 BizRobo !」 × 「 IoT - DX - Kit 」 の 連携 で デジタルトランスフォーメーション 実現 へ ～,RPA,209,0
,ホールディングス,209,1
,と,209,2
,CAMI,209,3
,&,209,4
,Co,209,5
,.,209,6
,RPA×IoT,209,7
,分野,209,8
,で,209,9
,資本,209,10
,業務,209,11
,提携,209,12
,～「,209,13
,BizRobo,209,14
,!」,209,15
,×,209,16
,「,209,17
,IoT,209,18
,-,209,19
,DX,209,20
,-,209,21
,Kit,209,22
,」,209,23
,の,209,24
,連携,209,25
,で,209,26
,デジタルトランスフォーメーション,209,27
,実現,209,28
,へ,209,29
,～,209,30
maneo マーケット 株式会社 と の 業務 提携 に関する お知らせ,maneo,210,0
,マーケット,210,1
,株式会社,210,2
,と,210,3
,の,210,4
,業務,210,5
,提携,210,6
,に関する,210,7
,お知らせ,210,8
弁護士 ドット コム と テイクアンドギヴ・ニーズ が 業務 提携,弁護士,211,0
,ドット,211,1
,コム,211,2
,と,211,3
,テイクアンドギヴ・ニーズ,211,4
,が,211,5
,業務,211,6
,提携,211,7
リリース サニーサイドアップ と Red Havas が 業務 提携 に 合意 ～ 世界 規模 の グローバル PR ネットワーク を 構築 ～,リリース,212,0
,サニーサイドアップ,212,1
,と,212,2
,Red,212,3
,Havas,212,4
,が,212,5
,業務,212,6
,提携,212,7
,に,212,8
,合意,212,9
,～,212,10
,世界,212,11
,規模,212,12
,の,212,13
,グローバル,212,14
,PR,212,15
,ネットワーク,212,16
,を,212,17
,構築,212,18
,～,212,19
イン バウンド 向け ＳＭＳ 配信 プラットホーム 開発 に関する 業務 提携 の お知らせ,イン,213,0
,バウンド,213,1
,向け,213,2
,ＳＭＳ,213,3
,配信,213,4
,プラットホーム,213,5
,開発,213,6
,に関する,213,7
,業務,213,8
,提携,213,9
,の,213,10
,お知らせ,213,11
株式会社 眞 榮 ロジ 持分 法 適用 関連 会社 化 に関する お知らせ [ PDF 100 . 7 KB ],株式会社,214,0
,眞,214,1
,榮,214,2
,ロジ,214,3
,持分,214,4
,法,214,5
,適用,214,6
,関連,214,7
,会社,214,8
,化,214,9
,に関する,214,10
,お知らせ,214,11
,[,214,12
,PDF,214,13
,100,214,14
,.,214,15
,7,214,16
,KB,214,17
,],214,18
株式会社 眞 榮 ロジ 持分 法 適用 関連 会社 化 に関する お知らせ [ PDF 100 . 6 KB ],株式会社,215,0
,眞,215,1
,榮,215,2
,ロジ,215,3
,持分,215,4
,法,215,5
,適用,215,6
,関連,215,7
,会社,215,8
,化,215,9
,に関する,215,10
,お知らせ,215,11
,[,215,12
,PDF,215,13
,100,215,14
,.,215,15
,6,215,16
,KB,215,17
,],215,18
Welby と ベネフィット・ワン が ヘルスケア 領域 で 業務 提携 ～「 Welby マイ カルテ 」 ...,Welby,216,0
,と,216,1
,ベネフィット・ワン,216,2
,が,216,3
,ヘルスケア,216,4
,領域,216,5
,で,216,6
,業務,216,7
,提携,216,8
,～「,216,9
,Welby,216,10
,マイ,216,11
,カルテ,216,12
,」,216,13
,...,216,14
株式会社 イオレ と の 「 アナログ 広告 」 と 「 デジタル 広告 」 の 融合 に 向け た 業務 提携 の お知らせ （ 839 KB ）,株式会社,217,0
,イオレ,217,1
,と,217,2
,の,217,3
,「,217,4
,アナログ,217,5
,広告,217,6
,」,217,7
,と,217,8
,「,217,9
,デジタル,217,10
,広告,217,11
,」,217,12
,の,217,13
,融合,217,14
,に,217,15
,向け,217,16
,た,217,17
,業務,217,18
,提携,217,19
,の,217,20
,お知らせ,217,21
,（,217,22
,839,217,23
,KB,217,24
,）,217,25
米国 Klipsch 社 と の 業務 提携 拡大 に 向け た 検討 の 基本 合意 の お知らせ,米国,218,0
,Klipsch,218,1
,社,218,2
,と,218,3
,の,218,4
,業務,218,5
,提携,218,6
,拡大,218,7
,に,218,8
,向け,218,9
,た,218,10
,検討,218,11
,の,218,12
,基本,218,13
,合意,218,14
,の,218,15
,お知らせ,218,16
ブランディングテクノロジー 、 WACUL と 業務 提携,ブランディングテクノロジー,219,0
,、,219,1
,WACUL,219,2
,と,219,3
,業務,219,4
,提携,219,5
EYS - STYLE と の 物流 業務 提携 に関する お知らせ,EYS,220,0
,-,220,1
,STYLE,220,2
,と,220,3
,の,220,4
,物流,220,5
,業務,220,6
,提携,220,7
,に関する,220,8
,お知らせ,220,9
上海 龍 旗 科技 股 份有 限 公司 社 と の 業務 提携 および 合弁 会社 設立 に関する お知らせ,上海,221,0
,龍,221,1
,旗,221,2
,科技,221,3
,股,221,4
,份有,221,5
,限,221,6
,公司,221,7
,社,221,8
,と,221,9
,の,221,10
,業務,221,11
,提携,221,12
,および,221,13
,合弁,221,14
,会社,221,15
,設立,221,16
,に関する,221,17
,お知らせ,221,18
"AT & T Services , Inc . と の 業務 提携 及び 新 事業 の 開始 に関する お知らせ",AT,222,0
,&,222,1
,T,222,2
,Services,222,3
,",",222,4
,Inc,222,5
,.,222,6
,と,222,7
,の,222,8
,業務,222,9
,提携,222,10
,及び,222,11
,新,222,12
,事業,222,13
,の,222,14
,開始,222,15
,に関する,222,16
,お知らせ,222,17
ブランディングテクノロジー 、 カクテル メイク と 業務 提携,ブランディングテクノロジー,223,0
,、,223,1
,カクテル,223,2
,メイク,223,3
,と,223,4
,業務,223,5
,提携,223,6
Taobao China Holding Limited と の 戦略 業務 提携 締結 の お知らせ,Taobao,224,0
,China,224,1
,Holding,224,2
,Limited,224,3
,と,224,4
,の,224,5
,戦略,224,6
,業務,224,7
,提携,224,8
,締結,224,9
,の,224,10
,お知らせ,224,11
モバイルファクトリー × BlockBase ブロック チェーン 事業 強化 の ため の 資本 ・ 業務 提携 を 実施 ～ 共同 で ゲーム 領域 、 コンテンツ 領域 、 アイデンティティ 領域 における ブロック チェーン 技術 の 実用 化 を 推進 ～,モバイルファクトリー,225,0
,×,225,1
,BlockBase,225,2
,ブロック,225,3
,チェーン,225,4
,事業,225,5
,強化,225,6
,の,225,7
,ため,225,8
,の,225,9
,資本,225,10
,・,225,11
,業務,225,12
,提携,225,13
,を,225,14
,実施,225,15
,～,225,16
,共同,225,17
,で,225,18
,ゲーム,225,19
,領域,225,20
,、,225,21
,コンテンツ,225,22
,領域,225,23
,、,225,24
,アイデンティティ,225,25
,領域,225,26
,における,225,27
,ブロック,225,28
,チェーン,225,29
,技術,225,30
,の,225,31
,実用,225,32
,化,225,33
,を,225,34
,推進,225,35
,～,225,36
「 株式 取得 （ 子会社 化 ） に関する 基本 合意 書 締結 に関する お知らせ 」 を 公表 いたし まし た 。,「,226,0
,株式,226,1
,取得,226,2
,（,226,3
,子会社,226,4
,化,226,5
,）,226,6
,に関する,226,7
,基本,226,8
,合意,226,9
,書,226,10
,締結,226,11
,に関する,226,12
,お知らせ,226,13
,」,226,14
,を,226,15
,公表,226,16
,いたし,226,17
,まし,226,18
,た,226,19
,。,226,20
インテージテクノスフィア と シーシーエス が 業務 提携,インテージテクノスフィア,227,0
,と,227,1
,シーシーエス,227,2
,が,227,3
,業務,227,4
,提携,227,5
Inventec と の 資本 業務 提携 に関する 基本 合意 の お知らせ,Inventec,228,0
,と,228,1
,の,228,2
,資本,228,3
,業務,228,4
,提携,228,5
,に関する,228,6
,基本,228,7
,合意,228,8
,の,228,9
,お知らせ,228,10
オールアバウトライフワークス が クレディセゾン グループ の 「 脳 活性 総合 研究所 」 と 業務 提携 契約 を 締結 ～ 共同 で シニア 層 に 向け た 認知 症 予防 へ の 新た な 取り組み を スタート ～,オールアバウトライフワークス,229,0
,が,229,1
,クレディセゾン,229,2
,グループ,229,3
,の,229,4
,「,229,5
,脳,229,6
,活性,229,7
,総合,229,8
,研究所,229,9
,」,229,10
,と,229,11
,業務,229,12
,提携,229,13
,契約,229,14
,を,229,15
,締結,229,16
,～,229,17
,共同,229,18
,で,229,19
,シニア,229,20
,層,229,21
,に,229,22
,向け,229,23
,た,229,24
,認知,229,25
,症,229,26
,予防,229,27
,へ,229,28
,の,229,29
,新た,229,30
,な,229,31
,取り組み,229,32
,を,229,33
,スタート,229,34
,～,229,35
インドネシア 高度 人材 の 日本 企業 へ の 就業 ・ 定着 支援 を スタート アクセス グループ と エイト グローバル 人材 ㈱ が 資本 業務 提携,インドネシア,230,0
,高度,230,1
,人材,230,2
,の,230,3
,日本,230,4
,企業,230,5
,へ,230,6
,の,230,7
,就業,230,8
,・,230,9
,定着,230,10
,支援,230,11
,を,230,12
,スタート,230,13
,アクセス,230,14
,グループ,230,15
,と,230,16
,エイト,230,17
,グローバル,230,18
,人材,230,19
,㈱,230,20
,が,230,21
,資本,230,22
,業務,230,23
,提携,230,24
ウイング アーク １ ｓｔ 株式会社 と の 資本 業務 提携 に関する お知らせ,ウイング,231,0
,アーク,231,1
,１,231,2
,ｓｔ,231,3
,株式会社,231,4
,と,231,5
,の,231,6
,資本,231,7
,業務,231,8
,提携,231,9
,に関する,231,10
,お知らせ,231,11
連結 子会社 における ファンド マネジメント 業務 委託 契約 の 締結 による 売上 計上 等 に関する お知らせ,連結,232,0
,子会社,232,1
,における,232,2
,ファンド,232,3
,マネジメント,232,4
,業務,232,5
,委託,232,6
,契約,232,7
,の,232,8
,締結,232,9
,による,232,10
,売上,232,11
,計上,232,12
,等,232,13
,に関する,232,14
,お知らせ,232,15
内外 製薬 株式会社 と の 業務 提携 に関する お知らせ 。,内外,233,0
,製薬,233,1
,株式会社,233,2
,と,233,3
,の,233,4
,業務,233,5
,提携,233,6
,に関する,233,7
,お知らせ,233,8
,。,233,9
A . N . H . Scientific Marketing Co . Ltd . と の タイ における 販売 業務 提携 の お知らせ,A,234,0
,.,234,1
,N,234,2
,.,234,3
,H,234,4
,.,234,5
,Scientific,234,6
,Marketing,234,7
,Co,234,8
,.,234,9
,Ltd,234,10
,.,234,11
,と,234,12
,の,234,13
,タイ,234,14
,における,234,15
,販売,234,16
,業務,234,17
,提携,234,18
,の,234,19
,お知らせ,234,20
業務 提携 契約 締結 に関する お知らせ ― iFLYTEK 社 製品 の 日本 展開 を 推進 ―,業務,235,0
,提携,235,1
,契約,235,2
,締結,235,3
,に関する,235,4
,お知らせ,235,5
,―,235,6
,iFLYTEK,235,7
,社,235,8
,製品,235,9
,の,235,10
,日本,235,11
,展開,235,12
,を,235,13
,推進,235,14
,―,235,15
業務 提携 契約 締結 に関する お知らせ ― iFLYTEK 社 製品 の 日本 展開 を 推進,業務,236,0
,提携,236,1
,契約,236,2
,締結,236,3
,に関する,236,4
,お知らせ,236,5
,―,236,6
,iFLYTEK,236,7
,社,236,8
,製品,236,9
,の,236,10
,日本,236,11
,展開,236,12
,を,236,13
,推進,236,14
株式会社 ゼンショー ホールディングス の 完全 子会社 で ある 株式会社 日本 レストラン ホールディングス による 株式会社 ココスジャパン の 完全 子会社 化 に関する 株式 交換 契約 締結 の お知らせ （ PDF ： 580 . 6 KB ）,株式会社,237,0
,ゼンショー,237,1
,ホールディングス,237,2
,の,237,3
,完全,237,4
,子会社,237,5
,で,237,6
,ある,237,7
,株式会社,237,8
,日本,237,9
,レストラン,237,10
,ホールディングス,237,11
,による,237,12
,株式会社,237,13
,ココスジャパン,237,14
,の,237,15
,完全,237,16
,子会社,237,17
,化,237,18
,に関する,237,19
,株式,237,20
,交換,237,21
,契約,237,22
,締結,237,23
,の,237,24
,お知らせ,237,25
,（,237,26
,PDF,237,27
,：,237,28
,580,237,29
,.,237,30
,6,237,31
,KB,237,32
,）,237,33
オロ 、 基盤 設計 製造 の 株式会社 ピーバンドットコム と 業務 提携 ～ サービス 運用 まで 含め た IoT 機器 開発 ソリューション を 展開 ～,オロ,238,0
,、,238,1
,基盤,238,2
,設計,238,3
,製造,238,4
,の,238,5
,株式会社,238,6
,ピーバンドットコム,238,7
,と,238,8
,業務,238,9
,提携,238,10
,～,238,11
,サービス,238,12
,運用,238,13
,まで,238,14
,含め,238,15
,た,238,16
,IoT,238,17
,機器,238,18
,開発,238,19
,ソリューション,238,20
,を,238,21
,展開,238,22
,～,238,23
業務 提携 に関する お知らせ ( 170 KB ),業務,239,0
,提携,239,1
,に関する,239,2
,お知らせ,239,3
,(,239,4
,170,239,5
,KB,239,6
,),239,7
「 （ 開示 事項 の 経過 ） 株式 譲渡 契約 締結 （ 子会社 の 取得 ） に関する お知らせ 」 を 公表 いたし まし た 。,「,240,0
,（,240,1
,開示,240,2
,事項,240,3
,の,240,4
,経過,240,5
,）,240,6
,株式,240,7
,譲渡,240,8
,契約,240,9
,締結,240,10
,（,240,11
,子会社,240,12
,の,240,13
,取得,240,14
,）,240,15
,に関する,240,16
,お知らせ,240,17
,」,240,18
,を,240,19
,公表,240,20
,いたし,240,21
,まし,240,22
,た,240,23
,。,240,24
プレス リリース メドピア 、 日医 工 と 業務 提携 し 、 かかりつけ 薬局 化 支援 サービス 「 kakari 」 の 共同 拡販 を 推進,プレス,241,0
,リリース,241,1
,メドピア,241,2
,、,241,3
,日医,241,4
,工,241,5
,と,241,6
,業務,241,7
,提携,241,8
,し,241,9
,、,241,10
,かかりつけ,241,11
,薬局,241,12
,化,241,13
,支援,241,14
,サービス,241,15
,「,241,16
,kakari,241,17
,」,241,18
,の,241,19
,共同,241,20
,拡販,241,21
,を,241,22
,推進,241,23
【 ニュース 】 IWA JAPAN と の 業務 提携 に関する お知らせ ~ アスリート の パフォーマンス の 向上 に 「 Neuro HALFIT ®」 を 活用 ~,【,242,0
,ニュース,242,1
,】,242,2
,IWA,242,3
,JAPAN,242,4
,と,242,5
,の,242,6
,業務,242,7
,提携,242,8
,に関する,242,9
,お知らせ,242,10
,~,242,11
,アスリート,242,12
,の,242,13
,パフォーマンス,242,14
,の,242,15
,向上,242,16
,に,242,17
,「,242,18
,Neuro,242,19
,HALFIT,242,20
,®」,242,21
,を,242,22
,活用,242,23
,~,242,24
ユビキタス AI コーポレーション と ラブ ロック 社 、 ブロック チェーン を 活用 し た IoT 機器 の データ 改ざん 防止 ソリューション に関する 業務 提携 で 合意 ～ 2020 年 3 月 の 提供 を 目途 に 開発 予定 ～,ユビキタス,243,0
,AI,243,1
,コーポレーション,243,2
,と,243,3
,ラブ,243,4
,ロック,243,5
,社,243,6
,、,243,7
,ブロック,243,8
,チェーン,243,9
,を,243,10
,活用,243,11
,し,243,12
,た,243,13
,IoT,243,14
,機器,243,15
,の,243,16
,データ,243,17
,改ざん,243,18
,防止,243,19
,ソリューション,243,20
,に関する,243,21
,業務,243,22
,提携,243,23
,で,243,24
,合意,243,25
,～,243,26
,2020,243,27
,年,243,28
,3,243,29
,月,243,30
,の,243,31
,提供,243,32
,を,243,33
,目途,243,34
,に,243,35
,開発,243,36
,予定,243,37
,～,243,38
プレス リリース メドピア と TOKYO MX が 業務 提携 し 、 医師 の ため の インターネット テレビ 『 MedPeer Channel 』 を 共同 展開,プレス,244,0
,リリース,244,1
,メドピア,244,2
,と,244,3
,TOKYO,244,4
,MX,244,5
,が,244,6
,業務,244,7
,提携,244,8
,し,244,9
,、,244,10
,医師,244,11
,の,244,12
,ため,244,13
,の,244,14
,インターネット,244,15
,テレビ,244,16
,『,244,17
,MedPeer,244,18
,Channel,244,19
,』,244,20
,を,244,21
,共同,244,22
,展開,244,23
【 お知らせ 】 OYO TECHNOLOGY & HOSPITALITY JAPAN 株式会社 と 業務 提携,【,245,0
,お知らせ,245,1
,】,245,2
,OYO,245,3
,TECHNOLOGY,245,4
,&,245,5
,HOSPITALITY,245,6
,JAPAN,245,7
,株式会社,245,8
,と,245,9
,業務,245,10
,提携,245,11
弁護士 ドット コム と 株式会社 トレタ が 業務 提携 、 飲食 業界 へ 「 クラウドサイン NOW 」 の 普及 を 目指す,弁護士,246,0
,ドット,246,1
,コム,246,2
,と,246,3
,株式会社,246,4
,トレタ,246,5
,が,246,6
,業務,246,7
,提携,246,8
,、,246,9
,飲食,246,10
,業界,246,11
,へ,246,12
,「,246,13
,クラウドサイン,246,14
,NOW,246,15
,」,246,16
,の,246,17
,普及,246,18
,を,246,19
,目指す,246,20
PR 2019 . 11 . 18 ロングライフグローバルコンサルタント 株式会社 より 台湾 で の 飲食 提供 事業 における 契約 締結 の お知らせ,PR,247,0
,2019,247,1
,.,247,2
,11,247,3
,.,247,4
,18,247,5
,ロングライフグローバルコンサルタント,247,6
,株式会社,247,7
,より,247,8
,台湾,247,9
,で,247,10
,の,247,11
,飲食,247,12
,提供,247,13
,事業,247,14
,における,247,15
,契約,247,16
,締結,247,17
,の,247,18
,お知らせ,247,19
[ FUNtoFUN ] 別府 市内 の ホテル ・ 旅館 における 人手 不足 解消 を 目指し 、 別府 市 の 産業 振興 を 進める 組織 と 業務 提携,[,248,0
,FUNtoFUN,248,1
,],248,2
,別府,248,3
,市内,248,4
,の,248,5
,ホテル,248,6
,・,248,7
,旅館,248,8
,における,248,9
,人手,248,10
,不足,248,11
,解消,248,12
,を,248,13
,目指し,248,14
,、,248,15
,別府,248,16
,市,248,17
,の,248,18
,産業,248,19
,振興,248,20
,を,248,21
,進める,248,22
,組織,248,23
,と,248,24
,業務,248,25
,提携,248,26
資本 業務 提携 及び 第三者 割当 による 自己 株式 の 処分 に関する お知らせ,資本,249,0
,業務,249,1
,提携,249,2
,及び,249,3
,第三者,249,4
,割当,249,5
,による,249,6
,自己,249,7
,株式,249,8
,の,249,9
,処分,249,10
,に関する,249,11
,お知らせ,249,12
株式会社 サン・ライフホールディング と の 資本 提携 の 解消 並びに 自己 株式 の 取得 及び 自己 株式 立会 外 買 付 取引 （ ＴｏＳＴＮｅＴ - 3 ） による 自己 株式 の 買付け に関する お知らせ ( 100 kb ),株式会社,250,0
,サン・ライフホールディング,250,1
,と,250,2
,の,250,3
,資本,250,4
,提携,250,5
,の,250,6
,解消,250,7
,並びに,250,8
,自己,250,9
,株式,250,10
,の,250,11
,取得,250,12
,及び,250,13
,自己,250,14
,株式,250,15
,立会,250,16
,外,250,17
,買,250,18
,付,250,19
,取引,250,20
,（,250,21
,ＴｏＳＴＮｅＴ,250,22
,-,250,23
,3,250,24
,）,250,25
,による,250,26
,自己,250,27
,株式,250,28
,の,250,29
,買付け,250,30
,に関する,250,31
,お知らせ,250,32
,(,250,33
,100,250,34
,kb,250,35
,),250,36
株式会社 unknown と の 資本 業務 提携 に関する お知らせ,株式会社,251,0
,unknown,251,1
,と,251,2
,の,251,3
,資本,251,4
,業務,251,5
,提携,251,6
,に関する,251,7
,お知らせ,251,8
株式会社 ジェクシード と の 資本 業務 提携 に関する お知らせ,株式会社,252,0
,ジェクシード,252,1
,と,252,2
,の,252,3
,資本,252,4
,業務,252,5
,提携,252,6
,に関する,252,7
,お知らせ,252,8
資本 ・ 業務 提携 契約 の 変更 に関する お知らせ,資本,253,0
,・,253,1
,業務,253,2
,提携,253,3
,契約,253,4
,の,253,5
,変更,253,6
,に関する,253,7
,お知らせ,253,8
【 ニュース 】 スマート スキャン 株式会社 と の 業務 ・ 資本 提携 に関する お知らせ 〜 医療 ビッグ データ 解析 ・ 診断 の 開発 を 加速 〜,【,254,0
,ニュース,254,1
,】,254,2
,スマート,254,3
,スキャン,254,4
,株式会社,254,5
,と,254,6
,の,254,7
,業務,254,8
,・,254,9
,資本,254,10
,提携,254,11
,に関する,254,12
,お知らせ,254,13
,〜,254,14
,医療,254,15
,ビッグ,254,16
,データ,254,17
,解析,254,18
,・,254,19
,診断,254,20
,の,254,21
,開発,254,22
,を,254,23
,加速,254,24
,〜,254,25
SynaBiz 、 CROOZ LOGISTICS と 戦略 的 業務 提携,SynaBiz,255,0
,、,255,1
,CROOZ,255,2
,LOGISTICS,255,3
,と,255,4
,戦略,255,5
,的,255,6
,業務,255,7
,提携,255,8
（ 開示 事項 の 経過 報告 ） maneo マーケット 株式会社 と の 業務 提携 に関する お知らせ,（,256,0
,開示,256,1
,事項,256,2
,の,256,3
,経過,256,4
,報告,256,5
,）,256,6
,maneo,256,7
,マーケット,256,8
,株式会社,256,9
,と,256,10
,の,256,11
,業務,256,12
,提携,256,13
,に関する,256,14
,お知らせ,256,15
業務 資本 提携 及び 第三者 割当 による 自己 株式 の 処分 （ 現物 出資 ） に関する お知らせ （ PDF : 212 KB ）,業務,257,0
,資本,257,1
,提携,257,2
,及び,257,3
,第三者,257,4
,割当,257,5
,による,257,6
,自己,257,7
,株式,257,8
,の,257,9
,処分,257,10
,（,257,11
,現物,257,12
,出資,257,13
,）,257,14
,に関する,257,15
,お知らせ,257,16
,（,257,17
,PDF,257,18
,:,257,19
,212,257,20
,KB,257,21
,）,257,22
株式会社 unknown と の 資本 業務 提携 （ 関連 会社 化 ） に関する お知らせ,株式会社,258,0
,unknown,258,1
,と,258,2
,の,258,3
,資本,258,4
,業務,258,5
,提携,258,6
,（,258,7
,関連,258,8
,会社,258,9
,化,258,10
,）,258,11
,に関する,258,12
,お知らせ,258,13
さ が み ライフ サービス 株式会社 及び 株式会社 シンエイ ・ クリエート ・ サービス の 株式 取得 （ 子会社 化 ） に関する 基本 合意 書 締結 の お知らせ,さ,259,0
,が,259,1
,み,259,2
,ライフ,259,3
,サービス,259,4
,株式会社,259,5
,及び,259,6
,株式会社,259,7
,シンエイ,259,8
,・,259,9
,クリエート,259,10
,・,259,11
,サービス,259,12
,の,259,13
,株式,259,14
,取得,259,15
,（,259,16
,子会社,259,17
,化,259,18
,）,259,19
,に関する,259,20
,基本,259,21
,合意,259,22
,書,259,23
,締結,259,24
,の,259,25
,お知らせ,259,26
ユーフォリア と の 資本 業務 提携 の お知らせ,ユーフォリア,260,0
,と,260,1
,の,260,2
,資本,260,3
,業務,260,4
,提携,260,5
,の,260,6
,お知らせ,260,7
株式会社 クラッソーネ と の 業務 提携 に関する お知らせ,株式会社,261,0
,クラッソーネ,261,1
,と,261,2
,の,261,3
,業務,261,4
,提携,261,5
,に関する,261,6
,お知らせ,261,7
株式会社 サラヴィオ 化粧 品 と の 資本 業務 提携 に関する お知らせ,株式会社,262,0
,サラヴィオ,262,1
,化粧,262,2
,品,262,3
,と,262,4
,の,262,5
,資本,262,6
,業務,262,7
,提携,262,8
,に関する,262,9
,お知らせ,262,10
インフォコム と アドバンスト・メディア が 業務 提携 MR 支援 プラットフォーム 「 DigiPro 」 の 音声 入力 機能 強化 で,インフォコム,263,0
,と,263,1
,アドバンスト・メディア,263,2
,が,263,3
,業務,263,4
,提携,263,5
,MR,263,6
,支援,263,7
,プラットフォーム,263,8
,「,263,9
,DigiPro,263,10
,」,263,11
,の,263,12
,音声,263,13
,入力,263,14
,機能,263,15
,強化,263,16
,で,263,17
株式会社 城北 通信 サービス と の 業務 提携 に関する お知らせ,株式会社,264,0
,城北,264,1
,通信,264,2
,サービス,264,3
,と,264,4
,の,264,5
,業務,264,6
,提携,264,7
,に関する,264,8
,お知らせ,264,9
2019 . 12 . 06 プレス リリース Ｈ ＥＲＯＺ 、 ＳＭＢＣ 日興証券 と の 業務 提携 契約 を 締結,2019,265,0
,.,265,1
,12,265,2
,.,265,3
,06,265,4
,プレス,265,5
,リリース,265,6
,Ｈ,265,7
,ＥＲＯＺ,265,8
,、,265,9
,ＳＭＢＣ,265,10
,日興証券,265,11
,と,265,12
,の,265,13
,業務,265,14
,提携,265,15
,契約,265,16
,を,265,17
,締結,265,18
株式会社 ユーザ ベース は 、 12 月 5 日 の 取締役 会 決議 において 、 株式会社 東京 放送 ホールディングス （ 以下 ： TBS ） と 業務 提携 契約 を 締結 いたし まし た 。 また 、 本 業務 提携 契約 に 基づき 、 約 20 億 円 の 第三者 割当 増資 を 実施 する こと を 決議 いたし まし た ので お知らせ いたし ます 。,株式会社,266,0
,ユーザ,266,1
,ベース,266,2
,は,266,3
,、,266,4
,12,266,5
,月,266,6
,5,266,7
,日,266,8
,の,266,9
,取締役,266,10
,会,266,11
,決議,266,12
,において,266,13
,、,266,14
,株式会社,266,15
,東京,266,16
,放送,266,17
,ホールディングス,266,18
,（,266,19
,以下,266,20
,：,266,21
,TBS,266,22
,）,266,23
,と,266,24
,業務,266,25
,提携,266,26
,契約,266,27
,を,266,28
,締結,266,29
,いたし,266,30
,まし,266,31
,た,266,32
,。,266,33
,また,266,34
,、,266,35
,本,266,36
,業務,266,37
,提携,266,38
,契約,266,39
,に,266,40
,基づき,266,41
,、,266,42
,約,266,43
,20,266,44
,億,266,45
,円,266,46
,の,266,47
,第三者,266,48
,割当,266,49
,増資,266,50
,を,266,51
,実施,266,52
,する,266,53
,こと,266,54
,を,266,55
,決議,266,56
,いたし,266,57
,まし,266,58
,た,266,59
,ので,266,60
,お知らせ,266,61
,いたし,266,62
,ます,266,63
,。,266,64
開発 品 SP - 04 日本 販売 権 導出 契約 の 締結 、 資本 提携 （ 第三者 割当 による 新株 式 の 発行 ） 及び その他 の 関係 会社 の 異動 に関する お知らせ,開発,267,0
,品,267,1
,SP,267,2
,-,267,3
,04,267,4
,日本,267,5
,販売,267,6
,権,267,7
,導出,267,8
,契約,267,9
,の,267,10
,締結,267,11
,、,267,12
,資本,267,13
,提携,267,14
,（,267,15
,第三者,267,16
,割当,267,17
,による,267,18
,新株,267,19
,式,267,20
,の,267,21
,発行,267,22
,）,267,23
,及び,267,24
,その他,267,25
,の,267,26
,関係,267,27
,会社,267,28
,の,267,29
,異動,267,30
,に関する,267,31
,お知らせ,267,32
UUUM 、 株式会社 クラージュ と の 業務 提携 契約 を 締結 ～ TikTok クリエイター の サポート を 強化 ～,UUUM,268,0
,、,268,1
,株式会社,268,2
,クラージュ,268,3
,と,268,4
,の,268,5
,業務,268,6
,提携,268,7
,契約,268,8
,を,268,9
,締結,268,10
,～,268,11
,TikTok,268,12
,クリエイター,268,13
,の,268,14
,サポート,268,15
,を,268,16
,強化,268,17
,～,268,18
ZUU 、 株式 投資 型 クラウドファンディング に 参入 、 ユニ コーン 社 と 資本 業務 提携,ZUU,269,0
,、,269,1
,株式,269,2
,投資,269,3
,型,269,4
,クラウドファンディング,269,5
,に,269,6
,参入,269,7
,、,269,8
,ユニ,269,9
,コーン,269,10
,社,269,11
,と,269,12
,資本,269,13
,業務,269,14
,提携,269,15
資本 業務 提携 、 第三者 割当 により 発行 さ れる 株式 の 募集 並びに 当社 主要 株主 の 移動 に 関す ...,資本,270,0
,業務,270,1
,提携,270,2
,、,270,3
,第三者,270,4
,割当,270,5
,により,270,6
,発行,270,7
,さ,270,8
,れる,270,9
,株式,270,10
,の,270,11
,募集,270,12
,並びに,270,13
,当社,270,14
,主要,270,15
,株主,270,16
,の,270,17
,移動,270,18
,に,270,19
,関す,270,20
,...,270,21
資本 業務 提携 、 第三者 割当 により 発行 さ れる 株式 の 募集 並びに 当社 主要 株主 の 移動 に関する お 知 ...,資本,271,0
,業務,271,1
,提携,271,2
,、,271,3
,第三者,271,4
,割当,271,5
,により,271,6
,発行,271,7
,さ,271,8
,れる,271,9
,株式,271,10
,の,271,11
,募集,271,12
,並びに,271,13
,当社,271,14
,主要,271,15
,株主,271,16
,の,271,17
,移動,271,18
,に関する,271,19
,お,271,20
,知,271,21
,...,271,22
［ ベルグアース 株式会社 と の 業務 提携 に関する お知らせ ］,［,272,0
,ベルグアース,272,1
,株式会社,272,2
,と,272,3
,の,272,4
,業務,272,5
,提携,272,6
,に関する,272,7
,お知らせ,272,8
,］,272,9
「 ベルグアース 株式会社 と の 業務 提携 に関する お知らせ 」 について,「,273,0
,ベルグアース,273,1
,株式会社,273,2
,と,273,3
,の,273,4
,業務,273,5
,提携,273,6
,に関する,273,7
,お知らせ,273,8
,」,273,9
,について,273,10
ペーパー ロジック 社 と の 企業 文書 デジタル 化 サービス 提供 に関する 業務 提携 の お知らせ,ペーパー,274,0
,ロジック,274,1
,社,274,2
,と,274,3
,の,274,4
,企業,274,5
,文書,274,6
,デジタル,274,7
,化,274,8
,サービス,274,9
,提供,274,10
,に関する,274,11
,業務,274,12
,提携,274,13
,の,274,14
,お知らせ,274,15
資本 業務 提携 、 第三者 割当 により 発行 さ れる 株式 の 募集 並びに 当社 主要 株主 の 移動 に関する お知らせ を 掲載 し まし た 。,資本,275,0
,業務,275,1
,提携,275,2
,、,275,3
,第三者,275,4
,割当,275,5
,により,275,6
,発行,275,7
,さ,275,8
,れる,275,9
,株式,275,10
,の,275,11
,募集,275,12
,並びに,275,13
,当社,275,14
,主要,275,15
,株主,275,16
,の,275,17
,移動,275,18
,に関する,275,19
,お知らせ,275,20
,を,275,21
,掲載,275,22
,し,275,23
,まし,275,24
,た,275,25
,。,275,26
株式会社 シグマ 映像 の 株式 取得 （ 完全 子会社 化 ） 及び 株式 譲渡 契約 締結 に関する お知らせ,株式会社,276,0
,シグマ,276,1
,映像,276,2
,の,276,3
,株式,276,4
,取得,276,5
,（,276,6
,完全,276,7
,子会社,276,8
,化,276,9
,）,276,10
,及び,276,11
,株式,276,12
,譲渡,276,13
,契約,276,14
,締結,276,15
,に関する,276,16
,お知らせ,276,17
台湾 EmBestor 社 と の 資本 業務 提携 に関する お知らせ pdf,台湾,277,0
,EmBestor,277,1
,社,277,2
,と,277,3
,の,277,4
,資本,277,5
,業務,277,6
,提携,277,7
,に関する,277,8
,お知らせ,277,9
,pdf,277,10
え ん フォト と コドモン が 業務 提携 、 第 一 弾 として オンライン 写真 ...,え,278,0
,ん,278,1
,フォト,278,2
,と,278,3
,コドモン,278,4
,が,278,5
,業務,278,6
,提携,278,7
,、,278,8
,第,278,9
,一,278,10
,弾,278,11
,として,278,12
,オンライン,278,13
,写真,278,14
,...,278,15
ANYMIND GROUP LIMITED と の 資本 業務 提携 に 係る 契約 締結 に関する お知らせ,ANYMIND,279,0
,GROUP,279,1
,LIMITED,279,2
,と,279,3
,の,279,4
,資本,279,5
,業務,279,6
,提携,279,7
,に,279,8
,係る,279,9
,契約,279,10
,締結,279,11
,に関する,279,12
,お知らせ,279,13
東映 アニメーション 株式会社 、 株式会社 アナライズログ と 資本 業務 提携 の お知らせ,東映,280,0
,アニメーション,280,1
,株式会社,280,2
,、,280,3
,株式会社,280,4
,アナライズログ,280,5
,と,280,6
,資本,280,7
,業務,280,8
,提携,280,9
,の,280,10
,お知らせ,280,11
株式会社 ブレイブソフト と の 業務 資本 提携 の お知らせ,株式会社,281,0
,ブレイブソフト,281,1
,と,281,2
,の,281,3
,業務,281,4
,資本,281,5
,提携,281,6
,の,281,7
,お知らせ,281,8
兼松 コミュニケーションズ 株式会社 と の 業務 提携 に関する お知らせ,兼松,282,0
,コミュニケーションズ,282,1
,株式会社,282,2
,と,282,3
,の,282,4
,業務,282,5
,提携,282,6
,に関する,282,7
,お知らせ,282,8
株式会社 リサーチアンドソリューション 交通 事故 削減 支援 サービス 提供 を 目的 と し た 業務 提携 契約 を 締結,株式会社,283,0
,リサーチアンドソリューション,283,1
,交通,283,2
,事故,283,3
,削減,283,4
,支援,283,5
,サービス,283,6
,提供,283,7
,を,283,8
,目的,283,9
,と,283,10
,し,283,11
,た,283,12
,業務,283,13
,提携,283,14
,契約,283,15
,を,283,16
,締結,283,17
業務 提携 に関する お知らせ ( 152 KB ),業務,284,0
,提携,284,1
,に関する,284,2
,お知らせ,284,3
,(,284,4
,152,284,5
,KB,284,6
,),284,7
スマート フォン 決済 アプリ 「 PayB 」 取扱い に関する 株式会社 アプラス と の 業務 提携 の お知らせ,スマート,285,0
,フォン,285,1
,決済,285,2
,アプリ,285,3
,「,285,4
,PayB,285,5
,」,285,6
,取扱い,285,7
,に関する,285,8
,株式会社,285,9
,アプラス,285,10
,と,285,11
,の,285,12
,業務,285,13
,提携,285,14
,の,285,15
,お知らせ,285,16
ネット 型 リユース 事業 を 手掛ける BuySell Technologies と 当社 イン ベスト 事業 における 業務 提携 に関する お知らせ,ネット,286,0
,型,286,1
,リユース,286,2
,事業,286,3
,を,286,4
,手掛ける,286,5
,BuySell,286,6
,Technologies,286,7
,と,286,8
,当社,286,9
,イン,286,10
,ベスト,286,11
,事業,286,12
,における,286,13
,業務,286,14
,提携,286,15
,に関する,286,16
,お知らせ,286,17
ASEAN 諸国 を 中心 と し た 高度 人材 の 日本 企業 へ の 就業 支援 を スタート アクセス グループ と ㈱ Ｏｎｅ Ｔｅｒｒａｃｅ が 業務 提携 、 人材 採用 セミナー を 初 開催,ASEAN,287,0
,諸国,287,1
,を,287,2
,中心,287,3
,と,287,4
,し,287,5
,た,287,6
,高度,287,7
,人材,287,8
,の,287,9
,日本,287,10
,企業,287,11
,へ,287,12
,の,287,13
,就業,287,14
,支援,287,15
,を,287,16
,スタート,287,17
,アクセス,287,18
,グループ,287,19
,と,287,20
,㈱,287,21
,Ｏｎｅ,287,22
,Ｔｅｒｒａｃｅ,287,23
,が,287,24
,業務,287,25
,提携,287,26
,、,287,27
,人材,287,28
,採用,287,29
,セミナー,287,30
,を,287,31
,初,287,32
,開催,287,33
さ が み ライフ サービス 株式会社 及び 株式会社 シンエイ ・ クリエート ・ サービス の 株式 取得 （ 子会社 化 ） に関する 株式 譲渡 契約 書 締結 の お知らせ,さ,288,0
,が,288,1
,み,288,2
,ライフ,288,3
,サービス,288,4
,株式会社,288,5
,及び,288,6
,株式会社,288,7
,シンエイ,288,8
,・,288,9
,クリエート,288,10
,・,288,11
,サービス,288,12
,の,288,13
,株式,288,14
,取得,288,15
,（,288,16
,子会社,288,17
,化,288,18
,）,288,19
,に関する,288,20
,株式,288,21
,譲渡,288,22
,契約,288,23
,書,288,24
,締結,288,25
,の,288,26
,お知らせ,288,27
2019 年 12 月 26 日 外国 人 留学生 向け サービス における 三 社 間 の 業務 提携 に関する お知らせ,2019,289,0
,年,289,1
,12,289,2
,月,289,3
,26,289,4
,日,289,5
,外国,289,6
,人,289,7
,留学生,289,8
,向け,289,9
,サービス,289,10
,における,289,11
,三,289,12
,社,289,13
,間,289,14
,の,289,15
,業務,289,16
,提携,289,17
,に関する,289,18
,お知らせ,289,19
外国 人 留学生 向け サービス における 三 社 間 の 業務 提携 に関する お知らせ ～ 三 社 の 強み （ 進学 、 就職 、 住まい ） を 活かし 、 留学生 が 活躍 できる 未来 を サポート ～,外国,290,0
,人,290,1
,留学生,290,2
,向け,290,3
,サービス,290,4
,における,290,5
,三,290,6
,社,290,7
,間,290,8
,の,290,9
,業務,290,10
,提携,290,11
,に関する,290,12
,お知らせ,290,13
,～,290,14
,三,290,15
,社,290,16
,の,290,17
,強み,290,18
,（,290,19
,進学,290,20
,、,290,21
,就職,290,22
,、,290,23
,住まい,290,24
,）,290,25
,を,290,26
,活かし,290,27
,、,290,28
,留学生,290,29
,が,290,30
,活躍,290,31
,できる,290,32
,未来,290,33
,を,290,34
,サポート,290,35
,～,290,36
ブランディングテクノロジー 、 NEXERA と 業務 提携,ブランディングテクノロジー,291,0
,、,291,1
,NEXERA,291,2
,と,291,3
,業務,291,4
,提携,291,5
2020 . 01 . 07 お知らせ 連結 子会社 の 異動 （ 株式 譲渡 ） に関する 基本 合意 書 締結 及び 関係 会社 株式 売却 損 の 計上 （ 見込み ） の お知らせ,2020,292,0
,.,292,1
,01,292,2
,.,292,3
,07,292,4
,お知らせ,292,5
,連結,292,6
,子会社,292,7
,の,292,8
,異動,292,9
,（,292,10
,株式,292,11
,譲渡,292,12
,）,292,13
,に関する,292,14
,基本,292,15
,合意,292,16
,書,292,17
,締結,292,18
,及び,292,19
,関係,292,20
,会社,292,21
,株式,292,22
,売却,292,23
,損,292,24
,の,292,25
,計上,292,26
,（,292,27
,見込み,292,28
,）,292,29
,の,292,30
,お知らせ,292,31
株式会社 シンク スマイル と の 業務 提携 に関する お知らせ,株式会社,293,0
,シンク,293,1
,スマイル,293,2
,と,293,3
,の,293,4
,業務,293,5
,提携,293,6
,に関する,293,7
,お知らせ,293,8
こと 京都 株式会社 と 業務 提携 契約 を 締結,こと,294,0
,京都,294,1
,株式会社,294,2
,と,294,3
,業務,294,4
,提携,294,5
,契約,294,6
,を,294,7
,締結,294,8
美 格 智能 技 术股 份有 限 公司 社 と の 業務 提携 および 、 販売 会社 設立 に関する お知らせ （ PDF : 328 KB ）,美,295,0
,格,295,1
,智能,295,2
,技,295,3
,术股,295,4
,份有,295,5
,限,295,6
,公司,295,7
,社,295,8
,と,295,9
,の,295,10
,業務,295,11
,提携,295,12
,および,295,13
,、,295,14
,販売,295,15
,会社,295,16
,設立,295,17
,に関する,295,18
,お知らせ,295,19
,（,295,20
,PDF,295,21
,:,295,22
,328,295,23
,KB,295,24
,）,295,25
当社 連結 子会社 の 業務 提携 に関する お知らせ,当社,296,0
,連結,296,1
,子会社,296,2
,の,296,3
,業務,296,4
,提携,296,5
,に関する,296,6
,お知らせ,296,7
神奈川 銀行 と の 業務 提携 について,神奈川,297,0
,銀行,297,1
,と,297,2
,の,297,3
,業務,297,4
,提携,297,5
,について,297,6
株式会社 PetRibbon と の 業務 提携 に関する お知らせ 。,株式会社,298,0
,PetRibbon,298,1
,と,298,2
,の,298,3
,業務,298,4
,提携,298,5
,に関する,298,6
,お知らせ,298,7
,。,298,8
アラヤ と モルフォ が 業務 提携 契約 エッジ AI を 加速 さ せる AI モデル 自動 圧縮 ソフト 「 Pressai 」 を 共同 開発,アラヤ,299,0
,と,299,1
,モルフォ,299,2
,が,299,3
,業務,299,4
,提携,299,5
,契約,299,6
,エッジ,299,7
,AI,299,8
,を,299,9
,加速,299,10
,さ,299,11
,せる,299,12
,AI,299,13
,モデル,299,14
,自動,299,15
,圧縮,299,16
,ソフト,299,17
,「,299,18
,Pressai,299,19
,」,299,20
,を,299,21
,共同,299,22
,開発,299,23
ニュース リリース _ 業務 提携,ニュース,300,0
,リリース,300,1
,_,300,2
,業務,300,3
,提携,300,4
プロトコーポレーション 、 ナノ コネクト と 資本 業務 提携 を 締結 〜 AI （ 人工 知能 ） 市場 や ゲーミフィケーション 、 DX 分野 にて 協業 〜,プロトコーポレーション,301,0
,、,301,1
,ナノ,301,2
,コネクト,301,3
,と,301,4
,資本,301,5
,業務,301,6
,提携,301,7
,を,301,8
,締結,301,9
,〜,301,10
,AI,301,11
,（,301,12
,人工,301,13
,知能,301,14
,）,301,15
,市場,301,16
,や,301,17
,ゲーミフィケーション,301,18
,、,301,19
,DX,301,20
,分野,301,21
,にて,301,22
,協業,301,23
,〜,301,24
当社 と 創 イノベーション 株式会社 と の 簡易 株式 交換 に関する 基本 合意 書 締結 の お知らせ,当社,302,0
,と,302,1
,創,302,2
,イノベーション,302,3
,株式会社,302,4
,と,302,5
,の,302,6
,簡易,302,7
,株式,302,8
,交換,302,9
,に関する,302,10
,基本,302,11
,合意,302,12
,書,302,13
,締結,302,14
,の,302,15
,お知らせ,302,16
株式会社 Timers と の 業務 提携 に関する お知らせ [ 249 KB ],株式会社,303,0
,Timers,303,1
,と,303,2
,の,303,3
,業務,303,4
,提携,303,5
,に関する,303,6
,お知らせ,303,7
,[,303,8
,249,303,9
,KB,303,10
,],303,11
当社 子会社 と 株式会社 アローズコーポレーション と の 業務 提携 に関する お知らせ,当社,304,0
,子会社,304,1
,と,304,2
,株式会社,304,3
,アローズコーポレーション,304,4
,と,304,5
,の,304,6
,業務,304,7
,提携,304,8
,に関する,304,9
,お知らせ,304,10
株式会社 ドーガン と の 包括 的 資本 業務 提携 に関する 基本 合意 書 の 解除 に関する お知らせ NEW,株式会社,305,0
,ドーガン,305,1
,と,305,2
,の,305,3
,包括,305,4
,的,305,5
,資本,305,6
,業務,305,7
,提携,305,8
,に関する,305,9
,基本,305,10
,合意,305,11
,書,305,12
,の,305,13
,解除,305,14
,に関する,305,15
,お知らせ,305,16
,NEW,305,17
株式会社 ドーガン と の 包括 的 資本 業務 提携 に関する 基本 合意 書 の 解除 に関する お 知 ら NEW,株式会社,306,0
,ドーガン,306,1
,と,306,2
,の,306,3
,包括,306,4
,的,306,5
,資本,306,6
,業務,306,7
,提携,306,8
,に関する,306,9
,基本,306,10
,合意,306,11
,書,306,12
,の,306,13
,解除,306,14
,に関する,306,15
,お,306,16
,知,306,17
,ら,306,18
,NEW,306,19
子会社 の スキル シフト が しののめ 信用金庫 と 業務 提携 し まし た 。,子会社,307,0
,の,307,1
,スキル,307,2
,シフト,307,3
,が,307,4
,しののめ,307,5
,信用金庫,307,6
,と,307,7
,業務,307,8
,提携,307,9
,し,307,10
,まし,307,11
,た,307,12
,。,307,13
特定 保健 指導 サービス 事業 の 拡大 を 目指し 、 株式会社 オクタウェル と 業務 ・ 資本 提携,特定,308,0
,保健,308,1
,指導,308,2
,サービス,308,3
,事業,308,4
,の,308,5
,拡大,308,6
,を,308,7
,目指し,308,8
,、,308,9
,株式会社,308,10
,オクタウェル,308,11
,と,308,12
,業務,308,13
,・,308,14
,資本,308,15
,提携,308,16
子会社 の スキル シフト が しののめ 信用金庫 と 業務 連携 し まし た 。,子会社,309,0
,の,309,1
,スキル,309,2
,シフト,309,3
,が,309,4
,しののめ,309,5
,信用金庫,309,6
,と,309,7
,業務,309,8
,連携,309,9
,し,309,10
,まし,309,11
,た,309,12
,。,309,13
ＡＷＬ 株式会社 と の 資本 業務 提携 に関する お知らせ ( 133 KB ),ＡＷＬ,310,0
,株式会社,310,1
,と,310,2
,の,310,3
,資本,310,4
,業務,310,5
,提携,310,6
,に関する,310,7
,お知らせ,310,8
,(,310,9
,133,310,10
,KB,310,11
,),310,12
「 Eight 企業 向け プレミアム 」 と 「 hokan 」 業務 提携 を 発表 〜 機能 を 連携 し 、 保険 業界 の 生産 性 向上 を 推進 〜,「,311,0
,Eight,311,1
,企業,311,2
,向け,311,3
,プレミアム,311,4
,」,311,5
,と,311,6
,「,311,7
,hokan,311,8
,」,311,9
,業務,311,10
,提携,311,11
,を,311,12
,発表,311,13
,〜,311,14
,機能,311,15
,を,311,16
,連携,311,17
,し,311,18
,、,311,19
,保険,311,20
,業界,311,21
,の,311,22
,生産,311,23
,性,311,24
,向上,311,25
,を,311,26
,推進,311,27
,〜,311,28
金融 専門 紙 ニッキン に 、 子会社 スキル シフト の サービス と 地域 金融 機関 と の 業務 提携 について 掲載 さ れ まし た 。,金融,312,0
,専門,312,1
,紙,312,2
,ニッキン,312,3
,に,312,4
,、,312,5
,子会社,312,6
,スキル,312,7
,シフト,312,8
,の,312,9
,サービス,312,10
,と,312,11
,地域,312,12
,金融,312,13
,機関,312,14
,と,312,15
,の,312,16
,業務,312,17
,提携,312,18
,について,312,19
,掲載,312,20
,さ,312,21
,れ,312,22
,まし,312,23
,た,312,24
,。,312,25
～ AI / IoT を 活用 し た 音声 市場 に 向け て ～ ロボット スタート 社 と の 資本 業務 提携 契約 締結 の お知らせ,～,313,0
,AI,313,1
,/,313,2
,IoT,313,3
,を,313,4
,活用,313,5
,し,313,6
,た,313,7
,音声,313,8
,市場,313,9
,に,313,10
,向け,313,11
,て,313,12
,～,313,13
,ロボット,313,14
,スタート,313,15
,社,313,16
,と,313,17
,の,313,18
,資本,313,19
,業務,313,20
,提携,313,21
,契約,313,22
,締結,313,23
,の,313,24
,お知らせ,313,25
セブン & アイグループ の 株式会社 セブン・フィナンシャルサービス と 業務 提携 契約 を 締結,セブン,314,0
,&,314,1
,アイグループ,314,2
,の,314,3
,株式会社,314,4
,セブン・フィナンシャルサービス,314,5
,と,314,6
,業務,314,7
,提携,314,8
,契約,314,9
,を,314,10
,締結,314,11
"中古 車 輸出 プラットフォーム の パイオニア TCV 、 共有 在庫 90 , 000 台 を 保有 する エル・エー・ピー と 業務 提携 契約 を 締結",中古,315,0
,車,315,1
,輸出,315,2
,プラットフォーム,315,3
,の,315,4
,パイオニア,315,5
,TCV,315,6
,、,315,7
,共有,315,8
,在庫,315,9
,90,315,10
,",",315,11
,000,315,12
,台,315,13
,を,315,14
,保有,315,15
,する,315,16
,エル・エー・ピー,315,17
,と,315,18
,業務,315,19
,提携,315,20
,契約,315,21
,を,315,22
,締結,315,23
連結 子会社 の 異動 （ 株式 譲渡 ） に関する 基本 合意 書 締結 の お知らせ,連結,316,0
,子会社,316,1
,の,316,2
,異動,316,3
,（,316,4
,株式,316,5
,譲渡,316,6
,）,316,7
,に関する,316,8
,基本,316,9
,合意,316,10
,書,316,11
,締結,316,12
,の,316,13
,お知らせ,316,14
日本 企業 の 欧米 人材 等 の 採用 支援 と 、 国内 大学 の 留学生 募集 支援 を 強化 ～ アクセス グループ と フォースバレー・コンシェルジュ ㈱ が 業務 提携 ～,日本,317,0
,企業,317,1
,の,317,2
,欧米,317,3
,人材,317,4
,等,317,5
,の,317,6
,採用,317,7
,支援,317,8
,と,317,9
,、,317,10
,国内,317,11
,大学,317,12
,の,317,13
,留学生,317,14
,募集,317,15
,支援,317,16
,を,317,17
,強化,317,18
,～,317,19
,アクセス,317,20
,グループ,317,21
,と,317,22
,フォースバレー・コンシェルジュ,317,23
,㈱,317,24
,が,317,25
,業務,317,26
,提携,317,27
,～,317,28
（ 開示 事項 の 経過 ） 業務 提携 に関する お知らせ,（,318,0
,開示,318,1
,事項,318,2
,の,318,3
,経過,318,4
,）,318,5
,業務,318,6
,提携,318,7
,に関する,318,8
,お知らせ,318,9
連結 子会社 の 異動 （ 株式 譲渡 ） に関する 基本 合意 書 締結 の お知らせ,連結,319,0
,子会社,319,1
,の,319,2
,異動,319,3
,（,319,4
,株式,319,5
,譲渡,319,6
,）,319,7
,に関する,319,8
,基本,319,9
,合意,319,10
,書,319,11
,締結,319,12
,の,319,13
,お知らせ,319,14
株式 取得 （ 子会社 化 ） に関する 基本 合意 書 締結 の お知らせ,株式,320,0
,取得,320,1
,（,320,2
,子会社,320,3
,化,320,4
,）,320,5
,に関する,320,6
,基本,320,7
,合意,320,8
,書,320,9
,締結,320,10
,の,320,11
,お知らせ,320,12
子会社 の スキル シフト が トーコンホールディングス と 業務 提携 し 、 副業 人材 活用 支援 を 開始 し まし た 。,子会社,321,0
,の,321,1
,スキル,321,2
,シフト,321,3
,が,321,4
,トーコンホールディングス,321,5
,と,321,6
,業務,321,7
,提携,321,8
,し,321,9
,、,321,10
,副業,321,11
,人材,321,12
,活用,321,13
,支援,321,14
,を,321,15
,開始,321,16
,し,321,17
,まし,321,18
,た,321,19
,。,321,20
子会社 の スキル シフト が トーコンホールディング と 業務 提携 し 、 副業 人材 活用 支援 を 開始 し まし た 。,子会社,322,0
,の,322,1
,スキル,322,2
,シフト,322,3
,が,322,4
,トーコンホールディング,322,5
,と,322,6
,業務,322,7
,提携,322,8
,し,322,9
,、,322,10
,副業,322,11
,人材,322,12
,活用,322,13
,支援,322,14
,を,322,15
,開始,322,16
,し,322,17
,まし,322,18
,た,322,19
,。,322,20
『 資本 ・ 業務 提携 の 強化 に関する お知らせ 』 を 発表 し まし た,『,323,0
,資本,323,1
,・,323,2
,業務,323,3
,提携,323,4
,の,323,5
,強化,323,6
,に関する,323,7
,お知らせ,323,8
,』,323,9
,を,323,10
,発表,323,11
,し,323,12
,まし,323,13
,た,323,14
株式会社 モンスター ・ ラボ と の 資本 業務 提携 に関する お知らせ,株式会社,324,0
,モンスター,324,1
,・,324,2
,ラボ,324,3
,と,324,4
,の,324,5
,資本,324,6
,業務,324,7
,提携,324,8
,に関する,324,9
,お知らせ,324,10
グローバル 人材 育成 分野 における マーサージャパン 株式会社 と の 業務 提携 締結 に関する お知らせ ( 322 KB ),グローバル,325,0
,人材,325,1
,育成,325,2
,分野,325,3
,における,325,4
,マーサージャパン,325,5
,株式会社,325,6
,と,325,7
,の,325,8
,業務,325,9
,提携,325,10
,締結,325,11
,に関する,325,12
,お知らせ,325,13
,(,325,14
,322,325,15
,KB,325,16
,),325,17
SUGAR 株式会社 と の 資本 業務 提携 の お知らせ,SUGAR,326,0
,株式会社,326,1
,と,326,2
,の,326,3
,資本,326,4
,業務,326,5
,提携,326,6
,の,326,7
,お知らせ,326,8
株式会社 大木 と の 業務 提携 に関する お知らせ PDF,株式会社,327,0
,大木,327,1
,と,327,2
,の,327,3
,業務,327,4
,提携,327,5
,に関する,327,6
,お知らせ,327,7
,PDF,327,8
アイスタディ と IR 動画 分野 で 業務 提携,アイスタディ,328,0
,と,328,1
,IR,328,2
,動画,328,3
,分野,328,4
,で,328,5
,業務,328,6
,提携,328,7
株式会社 ＮＳＤ と の 資本 提携 合意 に関する お知らせ （ 140 KB ）,株式会社,329,0
,ＮＳＤ,329,1
,と,329,2
,の,329,3
,資本,329,4
,提携,329,5
,合意,329,6
,に関する,329,7
,お知らせ,329,8
,（,329,9
,140,329,10
,KB,329,11
,）,329,12
株式 取得 （ 子会社 化 ） に関する 株式 譲渡 契約 書 締結 の お知らせ,株式,330,0
,取得,330,1
,（,330,2
,子会社,330,3
,化,330,4
,）,330,5
,に関する,330,6
,株式,330,7
,譲渡,330,8
,契約,330,9
,書,330,10
,締結,330,11
,の,330,12
,お知らせ,330,13
ClipLine 株式会社 と の 業務 提携 に関する お知らせ,ClipLine,331,0
,株式会社,331,1
,と,331,2
,の,331,3
,業務,331,4
,提携,331,5
,に関する,331,6
,お知らせ,331,7
飼料 会社 ２ 社 と の 資本 業務 提携 に関する お知らせ,飼料,332,0
,会社,332,1
,２,332,2
,社,332,3
,と,332,4
,の,332,5
,資本,332,6
,業務,332,7
,提携,332,8
,に関する,332,9
,お知らせ,332,10
マルハニチロ 株式会社 と の 資本 業務 提携 に関する お知らせ,マルハニチロ,333,0
,株式会社,333,1
,と,333,2
,の,333,3
,資本,333,4
,業務,333,5
,提携,333,6
,に関する,333,7
,お知らせ,333,8
グループ 会社 の 業務 提携 に 向け た 基本 合意 の 締結 に関する お知らせ,グループ,334,0
,会社,334,1
,の,334,2
,業務,334,3
,提携,334,4
,に,334,5
,向け,334,6
,た,334,7
,基本,334,8
,合意,334,9
,の,334,10
,締結,334,11
,に関する,334,12
,お知らせ,334,13
株式会社 小久保 工業 所 と 中華人民共和国 へ の 輸出 総 代理 店 契約 締結 に関する お知らせ,株式会社,335,0
,小久保,335,1
,工業,335,2
,所,335,3
,と,335,4
,中華人民共和国,335,5
,へ,335,6
,の,335,7
,輸出,335,8
,総,335,9
,代理,335,10
,店,335,11
,契約,335,12
,締結,335,13
,に関する,335,14
,お知らせ,335,15
2020 . 03 . 04 お知らせ （ 開示 事項 の 経過 ） 連結 子会社 の 異動 （ 株式 譲渡 ） を 伴う 株式 譲渡 契約 締結 、 連結 子会社 から の 特別 配当 受領 及び 関係 会社 株式 売却 損 の 計上 の お知らせ,2020,336,0
,.,336,1
,03,336,2
,.,336,3
,04,336,4
,お知らせ,336,5
,（,336,6
,開示,336,7
,事項,336,8
,の,336,9
,経過,336,10
,）,336,11
,連結,336,12
,子会社,336,13
,の,336,14
,異動,336,15
,（,336,16
,株式,336,17
,譲渡,336,18
,）,336,19
,を,336,20
,伴う,336,21
,株式,336,22
,譲渡,336,23
,契約,336,24
,締結,336,25
,、,336,26
,連結,336,27
,子会社,336,28
,から,336,29
,の,336,30
,特別,336,31
,配当,336,32
,受領,336,33
,及び,336,34
,関係,336,35
,会社,336,36
,株式,336,37
,売却,336,38
,損,336,39
,の,336,40
,計上,336,41
,の,336,42
,お知らせ,336,43
子会社 の スキル シフト が 熊本第一信用金庫 ・ 熊本 中央 信用金庫 と 業務 提携 し まし た,子会社,337,0
,の,337,1
,スキル,337,2
,シフト,337,3
,が,337,4
,熊本第一信用金庫,337,5
,・,337,6
,熊本,337,7
,中央,337,8
,信用金庫,337,9
,と,337,10
,業務,337,11
,提携,337,12
,し,337,13
,まし,337,14
,た,337,15
（ 変更 ） 子会社 の 異動 に関する 基本 合意 書 締結 の 日程 変更 の お知らせ,（,338,0
,変更,338,1
,）,338,2
,子会社,338,3
,の,338,4
,異動,338,5
,に関する,338,6
,基本,338,7
,合意,338,8
,書,338,9
,締結,338,10
,の,338,11
,日程,338,12
,変更,338,13
,の,338,14
,お知らせ,338,15
株式会社 エオネックス 及び 株式会社 利水 社 の 株式 取得 （ 子会社 化 ） に関する お知らせ,株式会社,339,0
,エオネックス,339,1
,及び,339,2
,株式会社,339,3
,利水,339,4
,社,339,5
,の,339,6
,株式,339,7
,取得,339,8
,（,339,9
,子会社,339,10
,化,339,11
,）,339,12
,に関する,339,13
,お知らせ,339,14
阿波銀行 と PR TIMES が 業務 提携 、 徳島 県 企業 ・ 自治体 の PR 支援 を 強化,阿波銀行,340,0
,と,340,1
,PR,340,2
,TIMES,340,3
,が,340,4
,業務,340,5
,提携,340,6
,、,340,7
,徳島,340,8
,県,340,9
,企業,340,10
,・,340,11
,自治体,340,12
,の,340,13
,PR,340,14
,支援,340,15
,を,340,16
,強化,340,17
アイスタディ と アナリスト 養成 、 社外 取締役 育成 で 資本 業務 提携,アイスタディ,341,0
,と,341,1
,アナリスト,341,2
,養成,341,3
,、,341,4
,社外,341,5
,取締役,341,6
,育成,341,7
,で,341,8
,資本,341,9
,業務,341,10
,提携,341,11
（ 変更 ） 連結 子会社 の 異動 （ 株式 譲渡 ） に関する 基本 合意 書 締結 に関する 日程 変更 の お知らせ,（,342,0
,変更,342,1
,）,342,2
,連結,342,3
,子会社,342,4
,の,342,5
,異動,342,6
,（,342,7
,株式,342,8
,譲渡,342,9
,）,342,10
,に関する,342,11
,基本,342,12
,合意,342,13
,書,342,14
,締結,342,15
,に関する,342,16
,日程,342,17
,変更,342,18
,の,342,19
,お知らせ,342,20
佐賀 共栄 銀行 と PR TIMES が 業務 提携 、 佐賀 県 企業 の PR 支援 を 強化,佐賀,343,0
,共栄,343,1
,銀行,343,2
,と,343,3
,PR,343,4
,TIMES,343,5
,が,343,6
,業務,343,7
,提携,343,8
,、,343,9
,佐賀,343,10
,県,343,11
,企業,343,12
,の,343,13
,PR,343,14
,支援,343,15
,を,343,16
,強化,343,17
2020 . 03 . 17 適時 開示 株式 取得 （ 子会社 化 ） に 向け た 基本 合意 に関する お知らせ （ 237 KB ）,2020,344,0
,.,344,1
,03,344,2
,.,344,3
,17,344,4
,適時,344,5
,開示,344,6
,株式,344,7
,取得,344,8
,（,344,9
,子会社,344,10
,化,344,11
,）,344,12
,に,344,13
,向け,344,14
,た,344,15
,基本,344,16
,合意,344,17
,に関する,344,18
,お知らせ,344,19
,（,344,20
,237,344,21
,KB,344,22
,）,344,23
（ 開示 事項 の 経過 ） 連結 子会社 の 異動 を 伴う 株式 譲渡 契約 締結 及び 特別 損失 計上 に関する お知らせ,（,345,0
,開示,345,1
,事項,345,2
,の,345,3
,経過,345,4
,）,345,5
,連結,345,6
,子会社,345,7
,の,345,8
,異動,345,9
,を,345,10
,伴う,345,11
,株式,345,12
,譲渡,345,13
,契約,345,14
,締結,345,15
,及び,345,16
,特別,345,17
,損失,345,18
,計上,345,19
,に関する,345,20
,お知らせ,345,21
ロボティクス 事業 を 展開 する イノベーションネクスト 社 と 業務 提携 し まし た 。,ロボティクス,346,0
,事業,346,1
,を,346,2
,展開,346,3
,する,346,4
,イノベーションネクスト,346,5
,社,346,6
,と,346,7
,業務,346,8
,提携,346,9
,し,346,10
,まし,346,11
,た,346,12
,。,346,13
株式 取得 （ 子会社 化 ） に関する 基本 合意 書 締結 の お知らせ ( PDF : 124 KB ）,株式,347,0
,取得,347,1
,（,347,2
,子会社,347,3
,化,347,4
,）,347,5
,に関する,347,6
,基本,347,7
,合意,347,8
,書,347,9
,締結,347,10
,の,347,11
,お知らせ,347,12
,(,347,13
,PDF,347,14
,:,347,15
,124,347,16
,KB,347,17
,）,347,18
【 PR 】 仲 卸 業界 の DX に 向け て 最大手 ・ ベジテック と 業務 提携,【,348,0
,PR,348,1
,】,348,2
,仲,348,3
,卸,348,4
,業界,348,5
,の,348,6
,DX,348,7
,に,348,8
,向け,348,9
,て,348,10
,最大手,348,11
,・,348,12
,ベジテック,348,13
,と,348,14
,業務,348,15
,提携,348,16
NEWS 2020 . 03 . 24 当社 関連 会社 スペース ・ バジル と Space BD が 業務 提携,NEWS,349,0
,2020,349,1
,.,349,2
,03,349,3
,.,349,4
,24,349,5
,当社,349,6
,関連,349,7
,会社,349,8
,スペース,349,9
,・,349,10
,バジル,349,11
,と,349,12
,Space,349,13
,BD,349,14
,が,349,15
,業務,349,16
,提携,349,17
株式会社 地球 システム 科学 の 株式 の 取得 （ 子会社 化 ） に関する お知らせ,株式会社,350,0
,地球,350,1
,システム,350,2
,科学,350,3
,の,350,4
,株式,350,5
,の,350,6
,取得,350,7
,（,350,8
,子会社,350,9
,化,350,10
,）,350,11
,に関する,350,12
,お知らせ,350,13
株式会社 ユーザ ベース は 、 2020 年 ３月 25 日 付 の 取締役 会 決議 において 、 三菱地所 株式会社 と の 間 において 業務 提携 契約 および 、 三菱地所 を 割当 先 と する 約 10 億 円 の 第三者 割当 増資 を 決議 し まし た ので 、 以下 の とおり お知らせ いたし ます 。,株式会社,351,0
,ユーザ,351,1
,ベース,351,2
,は,351,3
,、,351,4
,2020,351,5
,年,351,6
,３月,351,7
,25,351,8
,日,351,9
,付,351,10
,の,351,11
,取締役,351,12
,会,351,13
,決議,351,14
,において,351,15
,、,351,16
,三菱地所,351,17
,株式会社,351,18
,と,351,19
,の,351,20
,間,351,21
,において,351,22
,業務,351,23
,提携,351,24
,契約,351,25
,および,351,26
,、,351,27
,三菱地所,351,28
,を,351,29
,割当,351,30
,先,351,31
,と,351,32
,する,351,33
,約,351,34
,10,351,35
,億,351,36
,円,351,37
,の,351,38
,第三者,351,39
,割当,351,40
,増資,351,41
,を,351,42
,決議,351,43
,し,351,44
,まし,351,45
,た,351,46
,ので,351,47
,、,351,48
,以下,351,49
,の,351,50
,とおり,351,51
,お知らせ,351,52
,いたし,351,53
,ます,351,54
,。,351,55
株式会社 福邦銀行 と の 業務 提携 に関する お知らせ,株式会社,352,0
,福邦銀行,352,1
,と,352,2
,の,352,3
,業務,352,4
,提携,352,5
,に関する,352,6
,お知らせ,352,7
LINE と の 資本 業務 提携 、 LINE と 未来 Fund 有限 責任 事業 組合 と の 株式 引受 契約 締結 、 第三者 割当 による 新 株式 発行 、 主要 株主 及び 親会社 の 異動 に関する お知らせ,LINE,353,0
,と,353,1
,の,353,2
,資本,353,3
,業務,353,4
,提携,353,5
,、,353,6
,LINE,353,7
,と,353,8
,未来,353,9
,Fund,353,10
,有限,353,11
,責任,353,12
,事業,353,13
,組合,353,14
,と,353,15
,の,353,16
,株式,353,17
,引受,353,18
,契約,353,19
,締結,353,20
,、,353,21
,第三者,353,22
,割当,353,23
,による,353,24
,新,353,25
,株式,353,26
,発行,353,27
,、,353,28
,主要,353,29
,株主,353,30
,及び,353,31
,親会社,353,32
,の,353,33
,異動,353,34
,に関する,353,35
,お知らせ,353,36
ニュース リリース 2020 . 03 . 27 官民 連携 事業 研究所 と 業務 提携,ニュース,354,0
,リリース,354,1
,2020,354,2
,.,354,3
,03,354,4
,.,354,5
,27,354,6
,官民,354,7
,連携,354,8
,事業,354,9
,研究所,354,10
,と,354,11
,業務,354,12
,提携,354,13
ミン カブ ・ Alpaca 包括 業務 提携 に関する お知らせ,ミン,355,0
,カブ,355,1
,・,355,2
,Alpaca,355,3
,包括,355,4
,業務,355,5
,提携,355,6
,に関する,355,7
,お知らせ,355,8
連結 子会社 における 固定 資産 の 取得 及び 当該 固定 資産 の 賃貸借 契約 締結 に関する お知らせ,連結,356,0
,子会社,356,1
,における,356,2
,固定,356,3
,資産,356,4
,の,356,5
,取得,356,6
,及び,356,7
,当該,356,8
,固定,356,9
,資産,356,10
,の,356,11
,賃貸借,356,12
,契約,356,13
,締結,356,14
,に関する,356,15
,お知らせ,356,16
Arithmer 株式会社 と の 資本 業務 提携 について,Arithmer,357,0
,株式会社,357,1
,と,357,2
,の,357,3
,資本,357,4
,業務,357,5
,提携,357,6
,について,357,7
株式会社 ジェネレーション パス と 商品 取引 基本 契約 締結 及び 取引 開始 に関する お知らせ,株式会社,358,0
,ジェネレーション,358,1
,パス,358,2
,と,358,3
,商品,358,4
,取引,358,5
,基本,358,6
,契約,358,7
,締結,358,8
,及び,358,9
,取引,358,10
,開始,358,11
,に関する,358,12
,お知らせ,358,13
